id,title,price,brand,list,availability,code,size,os,model_cpu,freq,ram_size,hard_typee,storage,videocard,videocard_type,videocard_mem,code2
s1,Ноутбук Acer Aspire 3 A315-34-P351 (NX.HE3ER.010),174990,Acer,Ноутбуки,Товар на витрине,462681,"15,6″ - 39,62 см",DOS,Intel® Pentium® Silver N5030,1.1 ГГц,4 ГБ,HDD,1 ТБ,Intel UHD Graphics,605,,(NX.HE3ER.010)
s2,"Ноутбук Apple MacBook Air 13″ (2020) i3 1,1/8Gb/256GB SSD Space Gray (MWTJ2)",553890,Apple,Ноутбуки,Есть в наличии,460038,"13,3″ - 33,78 см",MacOS X,Intel® Core™ i3-1000NG4,1.10 ГГц,8 ГБ,SSD,256 Гб,Iris Plus Graphics,,1.5 ГБ,(MWTJ2)
s3,Ноутбук Acer Aspire 7 Gaming  A715-75G-701Q   (NH.Q87ER.00F),439390,Acer,Ноутбуки,Есть в наличии,462675,"15,6″ - 39,62 см",DOS,Intel® Core™ i7-9750H,2.6 ГГц,16 ГБ,SSD,512 ГБ,GeForce GTX,1650 Super,4 ГБ,(NH.Q87ER.00F)
s4,Ноутбук Asus TUF Gaming FX505D (90NR02D1-M12900),339890,Asus,Ноутбуки,Есть в наличии,463041,"15,6″ - 39,62 см",DOS,AMD Ryzen 5 3550H,2.1 ГГц,8 ГБ,SSD,512 ГБ,GeForce GTX,1650 Super,4 ГБ,(90NR02D1-M12900)
s5,Ноутбук Asus VivoBook 15 X512D R341TUW (90NB0LZ3-M25760),229990,Asus,Ноутбуки,Товар на витрине,463052,"15,6″ - 39,62 см",Windows 10,AMD Ryzen 3 3200U,2.6 ГГц,4 ГБ,HDD,1 ТБ,Radeon,Vega 3,,(90NB0LZ3-M25760)
s6,Ноутбук Acer Aspire 3 A315-54K (NX.HEEER.01Q),269990,Acer,Ноутбуки,Товар на витрине,467026,"15,6″ - 39,62 см",DOS,Intel® Core™ i5-6300U,2.4 ГГц,4 ГБ,HDD,1 ТБ,Intel HD Graphics,520,,(NX.HEEER.01Q)
s7,Ноутбук HP Laptop Potter 1.0 I341TUN 1X2S1EA (15-da0567ur),189990,HP,Ноутбуки,Есть в наличии,463056,"15,6″ - 39,62 см",DOS,Intel® Core™ i3-8130U,,4 ГБ,HDD,1 ТБ,Intel UHD Graphics,620,,(15-da0567ur)
s8,"Ноутбук Apple MacBook Air 13″ (2020) i3 1,1/8Gb/256GB SSD Gold (MWTL2)",561990,Apple,Ноутбуки,Есть в наличии,460040,"13,3″ - 33,78 см",MacOS X,Intel® Core™ i3-1000NG4,1.10 ГГц,8 ГБ,SSD,256 Гб,Iris Plus Graphics,,1.5 ГБ, (MWTL2)
s9,Ноутбук Acer Predator Triton 700 PT715-51 (NH.Q2KER.002),799990,Acer,Ноутбуки,Товар на витрине,80397,"15,6″ - 39,62 см",Windows 10,Intel® Core™ i7-7700HQ,2.8 ГГц,16 ГБ,SSD,512 ГБ,GeForce GTX,1060,6 ГБ,(NH.Q2KER.002)
s10,Ноутбук Lenovo Legion Y7000 I781T1SGN (81T0001DRK),499990,Lenovo,Ноутбуки,Товар на витрине,467052,"15,6″ - 39,62 см",DOS,Intel® Core™ i7-9750H,2.6 ГГц,8 ГБ,HDD + SSD,HDD 1 Тб + SSD 128 Гб,GeForce GTX,1650 Super,4 ГБ,(81T0001DRK)
s11,Ноутбук Lenovo IdeaPad 330-15IKB 81DC006URU,284890,Lenovo,Ноутбуки,Товар на витрине,470178,"15,6″ - 39,62 см",DOS,Intel® Core™ i5-7200U,2.5 ГГц,4 ГБ,HDD,500 Гб,Intel HD Graphics,620,SMA (выделяется из операт. памяти),
s12,"Ноутбук Apple MacBook Air 13″ (2020) i3 1,1/8Gb/256GB SSD Silver (MWTK2)",553890,Apple,Ноутбуки,Есть в наличии,460039,"13,3″ - 33,78 см",MacOS X,Intel® Core™ i3-1000NG4,1.10 ГГц,8 ГБ,SSD,256 Гб,Iris Plus Graphics,,1.5 ГБ,(MWTK2)
s13,"Ноутбук Apple MacBook Pro 16"" i9 2.3/16/1TB SSD Silver (MVVM2) ",1541990,Apple,Ноутбуки,Товар на витрине,421298,"16″ - 40,64 см",MacOS X,Intel® Core™ i9-9880H,2.3 ГГц,16 ГБ,SSD,1 ТБ,Radeon,5500,4 ГБ,(MVVM2)
s14,Ноутбук Asus ROG Strix G512L I7165GN (90NR0351-M02900),549990,Asus,Ноутбуки,Есть в наличии,463039,"15,6″ - 39,62 см",DOS,Intel® Core™ i7-10750H,2.6 ГГц,16 ГБ,SSD,512 ГБ,GeForce GFX,1650 Ti,,(90NR0351-M02900)
s15,Ноутбук HP Pavilion Gaming 15-dk1017ur 15C51EA,399990,HP,Ноутбуки,Товар на витрине,463062,"15,6″ - 39,62 см",DOS,Intel ® Core™ i5-10300H,2.5 ГГц,8 ГБ,SSD,512 ГБ,GeForce GTX,1650 Super,4 ГБ,
s16,"Ноутбук Apple MacBook Pro 16"" i9 2.3/16/1TB SSD Space Grey (MVVK2) ",1441390,Apple,Ноутбуки,Товар на витрине,421297,"16″ - 40,64 см",MacOS X,Intel® Core™ i9-9880H,2.3 ГГц,16 ГБ,SSD,1 ТБ,Radeon,5500,4 ГБ,MVVK2) 
s17,"Ноутбук Apple MacBook Air 13″ (2020) i5 1,1/8Gb/512GB SSD Space Gray (MVH22)",720890,Apple,Ноутбуки,Есть в наличии,460041,"13,3″ - 33,78 см",MacOS X,Intel® Core™ i5-1030NG7,1.10 ГГц,8 ГБ,SSD,512 ГБ,Iris Plus Graphics,,1.5 ГБ,(MVH22)
s18,Ноутбук Acer Swift 3 SF314-58G (NX.HPKER.002),439990,Acer,Ноутбуки,Товар на витрине,462626,"14″ - 35,56 см",DOS,Intel® Core™ i7-10510U,1.8 ГГц,8 ГБ,SSD,256 Гб,GeForce MX,250,2 ГБ,(NX.HPKER.002)
s19,"Ноутбук Apple MacBook Pro 16"" TB i7 2.6/16/512 SSD Space Grey(MVVJ2) ",1254790,Apple,Ноутбуки,Есть в наличии,421295,"16″ - 40,64 см",MacOS X,Intel® Core™ i7-9750H,2.6 ГГц,16 ГБ,SSD,512 ГБ,Radeon,5300,4 ГБ,(MVVJ2)
s20,Ноутбук Acer Aspire 3 A315-57G-382U I341TMN (NX.HZRER.007),239990,Acer,Ноутбуки,Товар на витрине,462662,"15,6″ - 39,62 см",DOS,Intel® Core™ i3 1005G1,1.2 ГГц,4 ГБ,HDD,1 ТБ,GeForce MX,230,2 ГБ,(NX.HZRER.007)
s21,Ультрабук Lenovo IdeaPad 5 14IIL05 (81YH00KFRU),369990,Lenovo,Ноутбуки,Товар на витрине,463074,"14″ - 35,56 см",Windows 10,Intel® Core™ i5-10210U,1 ГГц,8 ГБ,SSD,512 ГБ,Intel UHD Graphics,620,,(81YH00KFRU)
s22,Ноутбук Apple MacBook Air 13″ i5 1.6/8Gb/256Gb SSD Gold (MREF2),632990,Apple,Ноутбуки,Товар на витрине,85848,"13,3″ - 33,78 см",MacOS X,Intel® Core™ i5-8210Y,1.6 ГГц,8 ГБ,SSD,256 Гб,Intel UHD Graphics,617,,(MREF2)
s23,Ноутбук Acer ConceptD CN515-51 (NX.C4JER.002),749990,Acer,Ноутбуки,Товар на витрине,415804,"15,6″ - 39,62 см",Windows 10,Core ™ i7-8705G,"3,10",16 ГБ,,512 ГБ,Radeon,,,(NX.C4JER.002)
s24,"Ноутбук Apple MacBook Air 13″ (2020) i5 1,1/8Gb/512GB SSD Silver (MVH42)",720890,Apple,Ноутбуки,Есть в наличии,460042,"13,3″ - 33,78 см",MacOS X,Intel® Core™ i5-1030NG7,1.10 ГГц,8 ГБ,SSD,512 ГБ,Iris Plus Graphics,,1.5 ГБ, (MVH42)
s25,Ноутбук Apple MacBook Pro 13 2020 Space Grey (MWP42),998890,Apple,Ноутбуки,Товар на витрине,460439,"13,3″ - 33,78 см",MacOS X,Intel® Core™ i5-165UX,2.0 ГГц,16 ГБ,SSD,512 ГБ,Iris Plus Graphics,,1.5 ГБ,(MWP42)
s26,"Ноутбук Apple MacBook Pro 16"" i7 2.6/16/512 SSD Silver (MVVL2)",1320990,Apple,Ноутбуки,Есть в наличии,421296,"16″ - 40,64 см",MacOS X,Intel® Core™ i7-9750H,2.6 ГГц,16 ГБ,SSD,512 ГБ,Radeon,5300,4 ГБ,(MVVL2)
s27,Ноутбук Asus Laptop E410M С41UW (90NB0Q12-M03320),179990,Asus,Ноутбуки,Есть в наличии,463049,"14″ - 35,56 см",Windows 10,Intel® Celeron® N4020,1.1 ГГц,4 ГБ,SSD,128 ГБ,Intel UHD Graphics,600,,(90NB0Q12-M03320)
s28,Ноутбук HP Pavilion Gaming R585GN 16D68EA (15-ec1021ur),347290,HP,Ноутбуки,Товар на витрине,463060,"15,6″ - 39,62 см",DOS,AMD® Ryzen ™ 5 4600H,,8 ГБ,SSD,512 ГБ,GeForce GTX,1650 Super,4 ГБ,(15-ec1021ur)
s29,"Ноутбук Apple MacBook Air 13″ (2020) i5 1,1/8Gb/512GB SSD Gold (MVH52)",720890,Apple,Ноутбуки,Есть в наличии,460043,"13,3″ - 33,78 см",MacOS X,Intel® Core™ i5-1030NG7,1.10 ГГц,8 ГБ,SSD,512 ГБ,Iris Plus Graphics,,1.5 ГБ,(MVH52)
s30,Ноутбук Acer Predator Triton 300 PT315-52-5123 i5161TSGN (NH.Q7CER.004),659990,Acer,Ноутбуки,Товар на витрине,462677,"15,6″ - 39,62 см",DOS,Intel ® Core™ i5-10300H,2.5 ГГц,16 ГБ,SSD,1 ТБ,GeForce GTX,1660 Ti,6 ГБ,(NH.Q7CER.004)
s31,Ноутбук Acer Swift 5 SF514-54T-51UF (NX.HHYER.006),499990,Acer,Ноутбуки,Товар на витрине,462673,"14″ - 35,56 см",Windows 10,Intel® Core™ i5-1035G1,1 ГГц,16 ГБ,SSD,512 ГБ,Intel UHD Graphics,,,(NX.HHYER.006)
s32,Ноутбук Acer ConceptD 9 CN917-71-76H5 I7322TSGW (NX.C4LER.005),1999990,Acer,Ноутбуки,Есть в наличии,462683,"17,3″ - 43,94 см",Windows 10,Intel® Core™ i7-9750H,,32 Гб,SSD,2 Гб,GeForce RTX,,8 ГБ,(NX.C4LER.005)
s33,Ноутбук Lenovo IdeaPad Gaming 3 I781T1SGN (81Y400NTRK),419990,Lenovo,Ноутбуки,Есть в наличии,463064,"15,6″ - 39,62 см",DOS,Intel® Core™ i7-9750H,2.6 ГГц,8 ГБ,HDD + SSD,HDD 1 Тб + SSD 128 Гб,GeForce GTX,1650 Super,4 ГБ,(81Y400NTRK)
s34,Ноутбук Apple MacBook Pro 13 2020 Space Grey (MXK52),831890,Apple,Ноутбуки,Есть в наличии,460437,"13,3″ - 33,78 см",MacOS X,Intel® Core™ i5-85UX,1.4 ГГц,8 ГБ,SSD,512 ГБ,Iris Plus Graphics,645,1.5 ГБ,(MXK52)
s35,Ультрабук Lenovo IdeaPad 5 14IIL05 (81YH00KQRK),359590,Lenovo,Ноутбуки,Товар на витрине,463438,"14″ - 35,56 см",Windows 10,Intel® Core™ i5-10210U,1 ГГц,8 ГБ,SSD,512 ГБ,GeForce MX,,2 ГБ,(81YH00KQRK)
s36,Ноутбук Acer Predator Triton 300 PT315-52-58EU I5161TSGN (NH.Q7BER.004),699990,Acer,Ноутбуки,Товар на витрине,462676,"15,6″ - 39,62 см",DOS,Intel ® Core™ i5-10300H,2.5 ГГц,16 ГБ,SSD,1 ТБ,GeForce GTX,2060,6 ГБ,(NH.Q7BER.004)
s37,Ноутбук HP Spectre 13-AF009UR (2PT12EA),581790,HP,Ноутбуки,Товар на витрине,80426,"13,3″ - 33,78 см",Windows 10,Intel® Core™ i7-8550U,1.8 ГГц,16 ГБ,HDD,1 ТБ,Intel UHD Graphics,620,SMA (выделяется из операт. памяти),(2PT12EA)
s38,Ноутбук Apple MacBook Pro 13 2020 Silver (MXK72),842990,Apple,Ноутбуки,Есть в наличии,460438,"13,3″ - 33,78 см",MacOS X,,1.4 ГГц,8 ГБ,SSD,512 ГБ,Iris Plus Graphics,645,1.5 ГБ,(MXK72)
s39,Ноутбук Asus ZenBook 14 UM425I R582SUW (90NB0RT1-M01140),349990,Asus,Ноутбуки,Есть в наличии,474550,"14″ - 35,56 см",DOS,AMD Ryzen™ 5 4500U,2.3 ГГц,8 ГБ,SSD,256 Гб,Radeon RX,,,(90NB0RT1-M01140)
s40,Ноутбук Acer ConceptD 7 CN715-71P-70XB (NX.C4PER.001),1999890,Acer,Ноутбуки,Есть в наличии,462665,"15,6″ - 39,62 см",Windows 10,Intel® Core™ i7-9750H,2.6 ГГц,32 Гб,SSD,2 Гб,Quadro,5000,16 ГБ,(NX.C4PER.001)
s41,Ноутбук Acer Swift 3 SF314-57-34H1 I382UW (NX.HJ5ER.001),299890,Acer,Ноутбуки,Есть в наличии,462669,"14″ - 35,56 см",Windows 10,Intel® Core™ i3 1005G1,1.2 ГГц,8 ГБ,SSD,256 Гб,Intel UHD Graphics,,,(NX.HJ5ER.001)
s42,Ноутбук Acer Predator Triton 500 PT515-52-73Q8 (NH.Q6YER.005),999990,Acer,Ноутбуки,Товар на витрине,462679,"15,6″ - 39,62 см",DOS,Intel® Core™ i7-10750H,2.6 ГГц,32 Гб,SSD,2 Гб,GeForce RTX,2070,8 ГБ,(NH.Q6YER.005)
s43,Ноутбук Lenovo Yoga C940 81TE001VRU,754990,Lenovo,Ноутбуки,Товар на витрине,456859,"15,6″ - 39,62 см",Windows 10 Home,Intel® Core™ i7-9750H,2.6 ГГц,16 ГБ,SSD,512 ГБ,GeForce GTX,1650 Super,4 ГБ,(81TE001VRU)
s44,Ноутбук Apple MacBook Pro 13 2020 Space Grey (MWP52),1109890,Apple,Ноутбуки,Есть в наличии,460441,"13,3″ - 33,78 см",MacOS X,Intel® Core™ i5-161TSUX,2.0 ГГц,16 ГБ,SSD,1 ТБ,Iris Plus Graphics,,1.5 ГБ,(MWP52)
s45,Ноутбук Asus TUF Gaming FX505D R785SGN (90NR02D1-M12320),349890,Asus,Ноутбуки,Товар на витрине,474551,"15,6″ - 39,62 см",DOS,AMD Ryzen 7 3750H,2.3 ГГц,8 ГБ,SSD,512 ГБ,GeForce GTX,1650 Super,2 ГБ,(90NR02D1-M12320)
s46,"Ультрабук Apple Macbook Pro 13″ Touch Bar i5 2,4/8/512SSD Space Grey (MV972)",999990,Apple,Ноутбуки,Есть в наличии,306404,"13,3″ - 33,78 см",MacOS X,Intel® Core™ i5-8279U,2.4 ГГц,8 ГБ,SSD,512 ГБ,Iris Plus Graphics,655,,(MV972)
s47,Ноутбук Acer ConceptD 5 CN515-71-79QG (NX.C4VER.004),749990,Acer,Ноутбуки,Товар на витрине,462666,"15,6″ - 39,62 см",Windows 10,Intel® Core™ i7-9750H,2.6 ГГц,16 ГБ,SSD,1 ТБ,GeForce RTX,1660Ti,8 ГБ,(NX.C4VER.004)
s48,Ноутбук Asus TUF Gaming FA506I R585GN (90NR03M2-M04110),449990,Asus,Ноутбуки,Есть в наличии,463051,"15,6″ - 39,62 см",DOS,AMD Ryzen™ 7 4800H,2.9 ГГц,8 ГБ,SSD,512 ГБ,GeForce GTX,1650 Ti,4 ГБ,(90NR03M2-M04110)
s49,Ноутбук Apple MacBook Pro 13 2020 Silver (MXK62),730990,Apple,Ноутбуки,Есть в наличии,460436,"13,3″ - 33,78 см",MacOS X,Intel® Core™ i5-82UX,1.4 ГГц,8 ГБ,SSD,256 Гб,Iris Plus Graphics,645,1.5 ГБ,(MXK62)
s50,Ноутбук Acer Predator Helios 300 PH317-54-76VC (NH.Q9WER.001),979990,Acer,Ноутбуки,Товар на витрине,462688,"15,6″ - 39,62 см",DOS,Intel® Core™ i7-10750H,2.6 ГГц,32 Гб,SSD,2 Гб,GeForce RTX,2070,8 ГБ,(NH.Q9WER.001)
s51,Ноутбук Asus Vivobook S403F (90NB0LP2-M06800),447190,Asus,Ноутбуки,Есть в наличии,456811,"15,6″ - 39,62 см",Windows 10 Home,Intel® Core™ i7-10510U,1.8 ГГц,16 ГБ,SSD,,Intel® UHD Graphics,,,(90NB0LP2-M06800)
s52,Ноутбук Apple MacBook Pro 13 2020 Silver (MWP82),1109890,Apple,Ноутбуки,Есть в наличии,460442,"13,3″ - 33,78 см",MacOS X,Intel® Core™ i5-161TSUX,2.0 ГГц,16 ГБ,SSD,1 ТБ,Iris Plus Graphics,,1.5 ГБ,(MWP82)
s53,Ноутбук Apple MacBook Pro 13 2020 Silver (MWP72),1011990,Apple,Ноутбуки,Есть в наличии,460440,"13,3″ - 33,78 см",MacOS X,Intel® Core™ i5-165UX,2.0 ГГц,16 ГБ,SSD,512 ГБ,Iris Plus Graphics,,1.5 ГБ,(MWP72)
s54,Ноутбук ASUS E Gaming X571G (90NB0NL1-M11970),399990,Asus,Ноутбуки,Есть в наличии,463042,"15,6″ - 39,62 см",DOS,Intel® Core™ i5-9300H,2.3 ГГц,8 ГБ,SSD,512 ГБ,GeForce GTX,1650 Super,4 ГБ,(90NB0NL1-M11970)
s55,Ноутбук Acer Swift 7 SF714-52T-55C6 (NX.H98ER.00A),745990,Acer,Ноутбуки,Есть в наличии,462687,"14″ - 35,56 см",Windows 10,Intel® Core™ i5-8200Y,1.3 ГГц,8 ГБ,SSD,512 ГБ,Intel UHD Graphics,615,,(NX.H98ER.00A)
s56,Ноутбук Lenovo IdeaPad Gaming 3 I581T1GN (81Y400NWRK),369990,Lenovo,Ноутбуки,Есть в наличии,463068,"15,6″ - 39,62 см",DOS,Intel ® Core™ i5-10300H,2.5 ГГц,8 ГБ,HDD + SSD,HDD 1 Тб + SSD 128 Гб,GeForce GTX,1650 Super,4 ГБ,(81Y400NWRK)
s57,Ноутбук Asus TUF Gaming FX705D (90NR02B1-M03930),489990,Asus,Ноутбуки,Есть в наличии,474553,"17,3″ - 43,94 см",DOS,AMD Ryzen 5 3550H,2.1 ГГц,8 ГБ,SSD,512 ГБ,GeForce GTX,1650 Super,2 ГБ,(90NR02B1-M03930)
s58,Ноутбук Lenovo IdeaPad 5 15IIL05 I342UW (81YK00PKRK),279990,Lenovo,Ноутбуки,Есть в наличии,463073,"15,6″ - 39,62 см",Windows 10,Intel® Core™ i3-10110U,1.2 ГГц,4 ГБ,SSD,256 Гб,Intel UHD Graphics,620,,(81YK00PKRK)
s59,Ноутбук Asus TUF Gaming FX505GT (90NR02M2-M03250),419990,Asus,Ноутбуки,Есть в наличии,474552,"15,6″ - 39,62 см",DOS,Intel® Core™ i5-9300H,2.4 ГГц,8 ГБ,SSD,512 ГБ,GeForce GTX,1650 Super,2 ГБ,(90NR02M2-M03250)
s60,Ноутбук Lenovo IdeaPad Gaming 3 I781T1SGN (81Y400NVRK),439990,Lenovo,Ноутбуки,Есть в наличии,463069,"15,6″ - 39,62 см",DOS,Intel® Core™ i7-9750H,2.6 ГГц,8 ГБ,HDD + SSD,HDD 1 Тб + SSD 128 Гб,GeForce GTX,1650 Ti,4 ГБ,(81Y400NVRK)
s61,"Ноутбук Acer Nitro 5, AN515-54-5292 (NH.Q59ER.02P)",399990,Acer,Ноутбуки,Нет в наличии,393476,"15,6″ - 39,62 см",Linux,Intel® Core™ i5-9300H,2.4 ГГц,8 ГБ,SSD,512 ГБ,GeForce GTX,1650 Super,4 ГБ,(NH.Q59ER.02P)
s62,Ноутбук Asus Zenbook UM431DA-AM020T R785UW (90NB0PB3-M01810),399990,Asus,Ноутбуки,Нет в наличии,442639,"14″ - 35,56 см",Windows 10,AMD Ryzen 7 3700U,2.3 ГГц,8 ГБ,SSD,512 ГБ,Radeon,,,(90NB0PB3-M01810)
s63,Ноутбук Apple MacBook Air 13″ i5 1.8/8Gb/128SSD Silver (MQD32),389890,Apple,Ноутбуки,Нет в наличии,75179,"13,3″ - 33,78 см",macOS Sierra,Intel® Core™ i5-5350U,1.8 ГГц,8 ГБ,SSD,128 ГБ,Intel HD Graphics,6000,SMA (выделяется из операт. памяти),(MQD32)
s64,Ноутбук Acer Aspire 3 A315-54K (NX.HEEER.01F),199990,Acer,Ноутбуки,Нет в наличии,427021,"15,6″ - 39,62 см",Linux,Intel® Core™ i3-6006U,2.0 ГГц,4 ГБ,HDD,1 ТБ,Intel HD Graphics,520,SMA (выделяется из операт. памяти),(NX.HEEER.01F)
s65,Ноутбук Asus Vivobook S15 S533FL-BQ019T (90NB0LX3-M00720),369990,Asus,Ноутбуки,Нет в наличии,442640,"15,6″ - 39,62 см",Windows 10,Intel® Core™ i5-10210U,1.6 ГГц,8 ГБ,SSD,512 ГБ,GeForce MX,250,2 ГБ,(90NB0LX3-M00720)
s66,Ноутбук Acer Nitro 5 AN515-42 (NH.Q3RER.003),299990,Acer,Ноутбуки,Нет в наличии,82510,"15,6″ - 39,62 см",Linux,AMD Ryzen 5 2500U,2.0 ГГц,8 ГБ,HDD,1 ТБ,Radeon RX,560X,4 ГБ,(NH.Q3RER.003)
s67,Ноутбук Acer Nitro 5 AN515-55-50CH (NH.Q7MER.005),369690,Acer,Ноутбуки,Нет в наличии,462684,"15,6″ - 39,62 см",DOS,Intel ® Core™ i5-10300H,2.5 ГГц,8 ГБ,SSD,512 ГБ,GeForce GTX,1650 Super,4 ГБ,(NH.Q7MER.005)
s68,Ноутбук HP Gaming Pavilion 15-ec0031ur (8RU06EA),329890,HP,Ноутбуки,Нет в наличии,442590,"15,6″ - 39,62 см",DOS,AMD Ryzen 5 3550H,2.1 ГГц,8 ГБ,HDD + SSD,HDD 1 Тб + SSD 256 Гб,GeForce GTX,1650 Super,4 ГБ,(8RU06EA)
s69,"Ноутбук Acer Spin 3, SP314-52-36E8 (NX.H60ER.007)",199990,Acer,Ноутбуки,Нет в наличии,393482,"14″ - 35,56 см",Windows 10 Home,Intel® Core™ i3-8145U,2.1 ГГц,4 ГБ,SSD,128 ГБ,Intel UHD Graphics,620,,(NX.H60ER.007)
s70,Ноутбук Acer Aspire 3 A315-34 C45UW (NX.HE3ER.001),169990,Acer,Ноутбуки,Нет в наличии,452815,"15,6″ - 39,62 см",Windows 10,Intel® Celeron® N4000,1.10 ГГц,4 ГБ,HDD,500 Гб,Intel HD Graphics,SMA (выделяется из операт. памяти),,(NX.HE3ER.001)
s71,Ноутбук ASUS TUF Gaming FX505DT-AL097 (R585GN),319990,Asus,Ноутбуки,Нет в наличии,442641,"15,6″ - 39,62 см",DOS,AMD Ryzen 5 3550H,2.1 ГГц,8 ГБ,SSD,512 ГБ,GeForce GTX,1650 Super,4 ГБ,(R585GN)
s72,Ноутбук ASUS TUF Gaming FX506 R585GW (90NR03M2-M04310),349990,Asus,Ноутбуки,Нет в наличии,460228,"15,6″ - 39,62 см",DOS,AMD® Ryzen ™ 5 4600H,,8 ГБ,SSD,512 ГБ,GeForce GTX,1650 Super,4 ГБ,(90NR03M2-M04310)
s73,Ноутбук Asus Laptop X509UJ-EJ037T Slate Gray (90NB0N72-M00430),259990,Asus,Ноутбуки,Нет в наличии,392649,"15,6″ - 39,62 см",Windows 10,‎Intel® Core™ i3-7020U,2.3 ГГц,4 ГБ,HDD,1 ТБ,GeForce MX,230,2 ГБ,(90NB0N72-M00430)
s74,Ноутбук Acer Nitro 5 AN515-43 R5КТ (NH.Q6ZER.00D),369990,Acer,Ноутбуки,Нет в наличии,452825,"15,6″ - 39,62 см",DOS,AMD Ryzen 5 3550H,2.1 ГГц,16 ГБ,SSD,512 ГБ,GeForce GTX,1650 Super,4 ГБ,(NH.Q6ZER.00D)
s75,Ноутбук Lenovo Legion Y540 81SY00N7RK,399990,Lenovo,Ноутбуки,Нет в наличии,456855,"15,6″ - 39,62 см",DOS,Intel® Core™ i5-9300H,2.4 ГГц,8 ГБ,HDD + SSD,HDD 1 Тб + SSD 128 Гб,GeForce GTX,1650 Super,4 ГБ,(81SY00N7RK)
s76,Ноутбук Acer Nitro 5 AN515-43 R18U (NH.Q6ZER.00C),349990,Acer,Ноутбуки,Нет в наличии,452824,"15,6″ - 39,62 см",DOS,AMD Ryzen 5 3550H,2.1 ГГц,8 ГБ,SSD,512 ГБ,GeForce GTX,1650 Super,4 ГБ,(NH.Q6ZER.00C)
s77,Ноутбук Acer Aspire 3 A315-34 C45UN (NX.HE3ER.003),149990,Acer,Ноутбуки,Нет в наличии,452814,"15,6″ - 39,62 см",DOS,Intel® Celeron® N4000,1.10 ГГц,4 ГБ,HDD,500 Гб,Intel UHD Graphics,600,SMA (выделяется из операт. памяти),(NX.HE3ER.003)
s78,Ноутбук Asus ROG Strix G G531GT-AL007 (90NR01L3-M05960),429990,Asus,Ноутбуки,Нет в наличии,392640,"15,6″ - 39,62 см",DOS,Intel® Core™ i5-9300H,2.4 ГГц,8 ГБ,SSD,512 ГБ,GeForce GTX,1650 Super,4 ГБ,(90NR01L3-M05960)
s79,Ноутбук Acer Nitro 5 AN515-54 i5165GN (NH.Q59ER.02Y),449990,Acer,Ноутбуки,Нет в наличии,459774,"15,6″ - 39,62 см",DOS,Intel® Core™ i5-9300H,2.4 ГГц,16 ГБ,SSD,512 ГБ,GeForce GTX,1650 Super,4 ГБ,(NH.Q59ER.02Y)
s80,Ноутбук Asus Vivobook X403FA-EB021T Silver Blue & Sand Blast (90NB0LP2-M02040),275690,Asus,Ноутбуки,Нет в наличии,392644,"14″ - 35,56 см",Windows 10,Intel® Core™ i5-8265U,1.6 ГГц,8 ГБ,SSD,512 ГБ,Intel UHD Graphics,,,(90NB0LP2-M02040)
s81,"Ноутбук Acer Swift 1, SF114-32, (NX.GXUER.007)",149990,Acer,Ноутбуки,Нет в наличии,302424,"14″ - 35,56 см",Windows 10 Home,Intel® Celeron® N4000,1.10 ГГц,4 ГБ,SSD,128 ГБ,Intel UHD Graphics,600,,(NX.GXUER.007)
s82,Ноутбук Asus VivoBook 15 X512JA (90NB0QU6-M02240),329990,Asus,Ноутбуки,Нет в наличии,459922,"15,6″ - 39,62 см",Windows 10,Intel® Core™ i5-1035G1,1 ГГц,8 ГБ,SSD,512 ГБ,Intel UHD Graphics,,,(90NB0QU6-M02240)
s83,Ноутбук Acer Aspire 3 A315-54K NX.HEEER.01G,209990,Acer,Ноутбуки,Нет в наличии,427025,"15,6″ - 39,62 см",Windows 10,Intel® Core™ i3-6006U,2.0 ГГц,4 ГБ,HDD,1 ТБ,Intel HD Graphics,250,SMA (выделяется из операт. памяти),(NX.HEEER.01G)
s84,Ноутбук Acer Predator Helios 500 PH517-61 Obsidian Black (NH.Q3GER.003),499990,Acer,Ноутбуки,Нет в наличии,421575,"17,3″ - 43,94 см",Linux,AMD Ryzen 5 2600,3.9 ГГц,16 ГБ,HDD + SSD,HDD 1 ТБ + SSD 512 ГБ,Radeon™ RX Vega 56,,8 ГБ,(NH.Q3GER.003)
s85,Ноутбук Asus Laptop X507MA-EJ305T (90NB0HL1-M05420),149990,Asus,Ноутбуки,Нет в наличии,392648,"15,6″ - 39,62 см",Windows 10,Intel® Pentium® N5000,1.10 ГГц,4 ГБ,HDD,500 Гб,Intel UHD Graphics,605,SMA (выделяется из операт. памяти),(90NB0HL1-M05420)
s86,Ноутбук Acer Extensa EX215-21-47NN (NX.EFUER.001),109990,Acer,Ноутбуки,Нет в наличии,393480,"15,6″ - 39,62 см",Linux,AMD A4-9120e,1.8 ГГц,4 ГБ,HDD,500 Гб,Radeon R3,,SMA (выделяется из операт. памяти),(NX.EFUER.001)
s87,Ноутбук Acer Swift 3 SF314-57G-59DK I585MW (NX.HUGER.002),389690,Acer,Ноутбуки,Нет в наличии,462672,"14″ - 35,56 см",Windows 10,Intel® Core™ i5-1035G1,1 ГГц,8 ГБ,SSD,512 ГБ,GeForce MX,,2 ГБ,(NX.HUGER.002)
s88,Ноутбук Acer Nitro 5 AN515-43 NH.Q6NER.003,269990,Acer,Ноутбуки,Нет в наличии,427028,,DOS,AMD Ryzen 5 3550H,2.1 ГГц,16 ГБ,SSD,512 ГБ,GeForce GTX,1050 Ti,4 ГБ,(NH.Q6NER.003)
s89,"Ноутбук Apple MacBook Pro 13"" i5 2.3/8/128Gb Space Gray (MPXQ2)",499990,Apple,Ноутбуки,Нет в наличии,69502,"13″ - 33,02 см",MacOS X,Intel® Core™ i5-5257U,2.3 ГГц,8 ГБ,HDD,128 ГБ,Iris Graphics,640,SMA (выделяется из операт. памяти),(MPXQ2)
s90,Ноутбук Lenovo Legion Y540-15IRH-PG0 Black 81SY00ERRK,339990,Lenovo,Ноутбуки,Нет в наличии,392611,"15,6″ - 39,62 см",DOS,Intel® Core™ i5-9300H,2.4 ГГц,8 ГБ,SSD,512 ГБ,GeForce GTX,1650 Super,4 ГБ,
s91,Ноутбук Acer Aspire 3 A315-55 (NX.HEHER.01G),259990,Acer,Ноутбуки,Нет в наличии,427033,"15,6″ - 39,62 см",Windows 10,‎Intel® Core™ i3-7020U,2.3 ГГц,4 ГБ,HDD,1 ТБ,GeForce MX,130,2 ГБ,(NX.HEHER.01G)
s92,Ноутбук Acer Extensa 15 EX215-51K 50BY (NX.EFPER.019),299990,Acer,Ноутбуки,Нет в наличии,452822,"15,6″ - 39,62 см",Windows 10,Intel® Core™ i5-6300U,2.4 ГГц,8 ГБ,SSD,512 ГБ,,,,(NX.EFPER.019)
s93,Ноутбук Asus Laptop X507M 90NB0HL1-M05410,169990,Asus,Ноутбуки,Нет в наличии,456810,"14″ - 35,56 см",Windows 10 Home,Intel® Celeron® N4000,1.10 ГГц,4 ГБ,HDD,500 Гб,Intel UHD Graphics,,,
s94,Ноутбук Asus Laptop 15 X509JB-EJ060T (90NB0QD1-M01540),269990,Asus,Ноутбуки,Нет в наличии,442637,"15,6″ - 39,62 см",Windows 10,Intel® Core™ i3 1005G1,1.2 ГГц,4 ГБ,HDD,1 ТБ,GeForce MX,110,2 ГБ,(90NB0QD1-M01540)
s95,Ноутбук Lenovo Ideapad S145 (81N300DXRK),119990,Lenovo,Ноутбуки,Нет в наличии,456850,"15,6″ - 39,62 см",DOS,AMD A6-9225,2.6 ГГц,4 ГБ,HDD,500 Гб,Radeon R4,UMA,,(81N300DXRK)
s96,Ноутбук Acer Nitro 5 AN515-43 NH.Q5XER.004,239990,Acer,Ноутбуки,Нет в наличии,427026,,DOS,AMD Ryzen 5 3550H,2.1 ГГц,8 ГБ,SSD,512 ГБ,Radeon RX,560X,4 ГБ,(NH.Q5XER.004)
s97,Ноутбук Asus Laptop 15 X509M (90NB0Q32-M00620),199990,Asus,Ноутбуки,Нет в наличии,463040,"15,6″ - 39,62 см",Windows 10,Intel® Pentium® N5000,1.1 ГГц,4 ГБ,HDD,500 Гб,Intel UHD Graphics,605,,(90NB0Q32-M00620)
s98,Ноутбук Acer Nitro 5 AN515-54 (NH.Q5AER.01P),309990,Acer,Ноутбуки,Нет в наличии,415803,"15,6″ - 39,62 см",Linux,Intel® Core™ i5-9300H,2.4 ГГц,8 ГБ,SSD,512 ГБ,GeForce GTX,1050,3 ГБ,(NH.Q5AER.01P)
s99,"Ноутбук Hewlett Packard HP-255 G7, A445UN, 6HM04EA",95090,HP,Ноутбуки,Нет в наличии,443488,"15,6″ - 39,62 см",DOS,AMD A4-9125,2.3 ГГц,4 ГБ,HDD,500 Гб,Radeon R3,,,
s100,Ноутбук Acer Aspire 3 A315-55G-58MV (NX.HEDER.021),279990,Acer,Ноутбуки,Нет в наличии,393473,"15,6″ - 39,62 см",Windows 10,Intel® Core™ i5-8265U,1.6 ГГц,8 ГБ,HDD,1 ТБ,GeForce MX,MX130,2 ГБ,(NX.HEDER.021)
s101,"Ноутбук Acer Extensa, EX2519-P07G, (NX.EFAER.059) ",139990,Acer,Ноутбуки,Нет в наличии,433317,"15,6″ - 39,62 см",Linux,Intel® Pentium® N3710,1.6 ГГц,4 ГБ,HDD,1 ТБ,Intel HD Graphics,405,SMA (выделяется из операт. памяти),(NX.EFAER.059) 
s102,Ноутбук Asus Vivobook X403FA-EB022 I385UN (90NB0LP2-M04400),279990,Asus,Ноутбуки,Нет в наличии,442638,"14″ - 35,56 см",DOS,Intel® Core™ i3-8145U,,8 ГБ,SSD,512 ГБ,Intel HD Graphics,620,,(90NB0LP2-M04400)
s103,Ноутбук Asus Vivobook X420UA-EK063T Transparent Silver (90NB0LA1-M06510),149990,Asus,Ноутбуки,Нет в наличии,392646,"14″ - 35,56 см",Windows 10 Home,Intel® Pentium® 4415U,2.3 ГГц,4 ГБ,SSD,256 Гб,Intel HD Graphics,610,,(90NB0LA1-M06510)
s104,"Ультрабук Apple MacBook Air 13'' i5 1,6/8Gb/128GB SSD Space Grey (MVFH2)",459990,Apple,Ноутбуки,Нет в наличии,371607,"13,3″ - 33,78 см",MacOS X,Intel® Core™ i5-8210Y,1.6 ГГц,8 ГБ,SSD,128 ГБ,Intel UHD Graphics,617,1.5 ГБ,(MVFH2)
s105,Ноутбук Lenovo Ideapad S145-15IGM (81MX00B0RK),149990,Lenovo,Ноутбуки,Нет в наличии,456851,"15,6″ - 39,62 см",DOS,Intel® Celeron® N4000,1.10 ГГц,4 ГБ,HDD,500 Гб,Intel HD Graphics,630M,SMA (выделяется из операт. памяти),(81MX00B0RK)
s106,Ноутбук Asus Laptop X543UA-DM1526T Star Gray (90NB0HF7-M31120),189990,Asus,Ноутбуки,Нет в наличии,392650,"15,6″ - 39,62 см",Windows 10,‎Intel® Core™ i3-7020U,2.3 ГГц,4 ГБ,HDD,1 ТБ,Intel HD Graphics,620,SMA (выделяется из операт. памяти),(90NB0HF7-M31120)
s107,Ноутбук HP Potter 15-da0552ur C41TUN 14T41EA,119990,HP,Ноутбуки,Нет в наличии,460127,"15,6″ - 39,62 см",DOS,Intel® Celeron® N4000,1.10 ГГц,4 ГБ,HDD,1 ТБ,Intel UHD Graphics,600,,
s108,"Ноутбук Lenovo Legion Y530-15ICH, I581T1SGN, 81FV01CMRK",309990,Lenovo,Ноутбуки,Нет в наличии,454025,"15,6″ - 39,62 см",DOS,Intel® Core™ i5-8300H,2.3 ГГц,8 ГБ,HDD + SSD,HDD 1 Тб + SSD 128 Гб,GeForce GTX,1050,4 ГБ,(81FV01CMRK)
s109,Ноутбук Apple MacBook Pro 13.3″ Touch Bar i5 /8Gb/128GB/ Silver (MUHQ2),579990,Apple,Ноутбуки,Нет в наличии,373844,"13,3″ - 33,78 см",MacOS X,Intel® Core™ i5-8257U,1.4 ГГц,8 ГБ,SSD,128 ГБ,Iris Plus Graphics,645,1.5 ГБ,(MUHQ2)
s110,Ноутбук Asus Laptop M509DA-EJ126 90NB0P51-M01550,169990,Asus,Ноутбуки,Нет в наличии,392642,"15,6″ - 39,62 см",Linux,AMD Ryzen 3200U,2.6 ГГц,8 ГБ,HDD,1 ТБ,Radeon,Vega 3,SMA (выделяется из операт. памяти),(90NB0P51-M01550)
s111,"Ноутбук Lenovo Legion Y540-15IRH-PG0, Black, 81SY00FDRK",449990,Lenovo,Ноутбуки,Нет в наличии,392612,"15,6″ - 39,62 см",DOS,Intel® Core™ i7-9750H,2.6 ГГц,16 ГБ,SSD,1 ТБ,GeForce GTX,1650 Super,4 ГБ,(81SY00FDRK)
s112,Ноутбук Asus Laptop 15 X509JB-EJ059 (90NB0QD2-M01800),259990,Asus,Ноутбуки,Нет в наличии,467033,"15,6″ - 39,62 см",DOS,Intel® Core™ i3 1005G1,1.2 ГГц,4 ГБ,HDD,1 ТБ,GeForce MX,110,2 ГБ,(90NB0QD2-M01800)
s113,Ноутбук Lenovo Ideapad S145-15IWL (81MV01ADRK),259990,Lenovo,Ноутбуки,Нет в наличии,392607,"15,6″ - 39,62 см",Windows 10 Home,Intel® Core™ i3-8145U,2.1 ГГц,4 ГБ,HDD,1 ТБ,GeForce MX,MX 110,2 ГБ,(81MV01ADRK)
s114,"Ноутбук Acer Extensa EX2519, Black (NX.EFAER.122)",139990,Acer,Ноутбуки,Нет в наличии,308848,,Windows 10 Pro,Intel® Celeron® N3060,1.6 ГГц,4 ГБ,HDD,500 Гб,Intel HD Graphics,500,SMA (выделяется из операт. памяти),(NX.EFAER.122)
s115,"Ноутбук Asus Vivobook, X420UA-EK295T Transparent Silver (90NB0LA1-M07080)",209990,Asus,Ноутбуки,Нет в наличии,392647,"14″ - 35,56 см",Windows 10,‎Intel® Core™ i3-7020U,2.3 ГГц,8 ГБ,SSD,512 ГБ,Intel HD Graphics,620,,(90NB0LA1-M07080)
s116,Ноутбук Acer Nitro 5 AN515-44-R329 (NH.Q9GER.006),419990,Acer,Ноутбуки,Нет в наличии,462690,"15,6″ - 39,62 см",DOS,AMD® Ryzen ™ 5 4600H,3.0 ГГц,16 ГБ,SSD,512 ГБ,GeForce GTX,1650 Super,4 ГБ,(NH.Q9GER.006)
s117,Ноутбук Apple MacBook 12″ Core M3 1.1/8/256SSD Space Gray (MLH72),521890,Apple,Ноутбуки,Нет в наличии,70779,"12″ - 30,48 см",MacOS X,Intel® Core™ m3-6Y30,1.10 ГГц,4 ГБ,SSD,256 Гб,Intel HD Graphics,,SMA (выделяется из операт. памяти),(MLH72)
s118,Ноутбук Acer Aspire 7 Gaming A715-75G-52C8 (NH.Q99ER.002),369990,Acer,Ноутбуки,Нет в наличии,462674,"15,6″ - 39,62 см",DOS,Intel ® Core™ i5-10300H,2.5 ГГц,8 ГБ,SSD,512 ГБ,GeForce GTX,1650 Super,4 ГБ,(NH.Q99ER.002)
s119,Ноутбук Acer Spin 3 SP314-54N-36CU (NX.HQCER.002),239990,Acer,Ноутбуки,Нет в наличии,436980,"14″ - 35,56 см",Windows 10,Intel® Core™ i3 1005G1,1.2 ГГц,8 ГБ,SSD,256 Гб,Intel UHD Graphics,Intel® UHD Graphics,SMA (выделяется из операт. памяти),(NX.HQCER.002)
s120,Ноутбук Asus Laptop M509DA-EJ188T Transparent Silver  (90NB0P51-M02650),189990,Asus,Ноутбуки,Нет в наличии,392643,"15,6″ - 39,62 см",Windows 10,AMD Ryzen 3 2200U,2.6 ГГц,4 ГБ,HDD,500 Гб,,,,(90NB0P51-M02650)
s121,Ноутбук Lenovo Ideapad S145-15API (81UT00GCRK),219990,Lenovo,Ноутбуки,Нет в наличии,456862,"15,6″ - 39,62 см",Windows 10 Home,AMD Ryzen 3 3200U,2.6 ГГц,4 ГБ,HDD,500 Гб,Intel HD Graphics,630M,SMA (выделяется из операт. памяти),(81UT00GCRK)
s122,Ноутбук Acer Aspire 3 A315-42 R381TUN (NX.HF9ER.02K),199990,Acer,Ноутбуки,Нет в наличии,462629,"15,6″ - 39,62 см",DOS,AMD Ryzen 3 3200U,2.6 ГГц,8 ГБ,HDD,1 ТБ,Radeon HD,Vega 3,UMA,(NX.HF9ER.02K)
s123,Ноутбук Acer Aspire 3 A315-34 C41TUN (NX.HE3ER.00B),149990,Acer,Ноутбуки,Нет в наличии,467018,"15,6″ - 39,62 см",DOS,Intel® Celeron® N4000,1.10 ГГц,4 ГБ,HDD,1 ТБ,Intel UHD Graphics,600,,(NX.HE3ER.00B)
s124,Ноутбук Acer Extensa EX2519-P1KB (NX.EFAER.12A),159990,Acer,Ноутбуки,Нет в наличии,393475,"15,6″ - 39,62 см",Windows 10 Home,Intel® Pentium® N3710,1.6 ГГц,4 ГБ,HDD,1 ТБ,Intel HD Graphics,,SMA (выделяется из операт. памяти),(NX.EFAER.12A)
s125,Ноутбук Acer Nitro 5 AN515-43 (NH.Q6NER.004),349990,Acer,Ноутбуки,Нет в наличии,427029,"15,6″ - 39,62 см",DOS,AMD Ryzen 5 3550H,2.1 ГГц,16 ГБ,HDD + SSD,HDD 1 ТБ + SSD 512 ГБ,GeForce GTX,1050 Ti,4 ГБ,(NH.Q6NER.004)
s126,Ноутбук Lenovo Ideapad S340 Platinum Grey (81VV00J1RK),269990,Lenovo,Ноутбуки,Нет в наличии,456853,"14″ - 35,56 см",Windows 10 Home,Intel® Core™ i3-8145U,,8 ГБ,SSD,512 ГБ,Intel HD Graphics,630M,SMA (выделяется из операт. памяти),(81VV00J1RK)
s127,Ноутбук HP Maldives 15-dw1029ur I581TMW 13F99EA,279990,HP,Ноутбуки,Нет в наличии,460126,"15,6″ - 39,62 см",Windows 10,Intel® Core™ i5-10210U,1.6 ГГц,8 ГБ,HDD,1 ТБ,GeForce MX,110,2 ГБ,
s128,Ноутбук Lenovo Ideapad S145-15IIL (81W800KNRK),219990,Lenovo,Ноутбуки,Нет в наличии,456852,"15,6″ - 39,62 см",Windows 10 Home,Intel® Core™ i3 1005G1,1.2 ГГц,4 ГБ,HDD,1 ТБ,Intel HD Graphics,630M,SMA (выделяется из операт. памяти),(81W800KNRK)
s129,Ноутбук Acer Aspire 3 A315-55G I345UN (NX.HEEER.01Z),219990,Acer,Ноутбуки,Нет в наличии,452817,"15,6″ - 39,62 см",DOS,‎Intel® Core™ i3-7020U,2.3 ГГц,4 ГБ,SSD,512 ГБ,,,,(NX.HEEER.01Z)
s130,Ноутбук Asus ROG Strix G531G I585GN (90NR01L3-M13730),429990,Asus,Ноутбуки,Нет в наличии,463038,"15,6″ - 39,62 см",DOS,Intel® Core™ i5-9300H,2.4 ГГц,8 ГБ,SSD,512 ГБ,GeForce GTX,1650 Super,4 ГБ,(90NR01L3-M13730)
s131,Ноутбук Asus VivoBook X420F (90NB0K01-M05090),269990,Asus,Ноутбуки,Нет в наличии,456813,"14″ - 35,56 см",Windows 10 Home,Intel® Core™ i3-10110U,2.1 ГГц,4 ГБ,,256 Гб,Intel UHD Graphics,620,,(90NB0K01-M05090)
s132,Ноутбук HP Pavilion-15 15-cs3080ur I385UW (16F73EA),269990,HP,Ноутбуки,Нет в наличии,460128,"15,6″ - 39,62 см",Windows 10,Intel® Core™ i3 1005G1,1.2 ГГц,8 ГБ,SSD,512 ГБ,Intel UHD Graphics,,,(16F73EA)
s133,Ноутбук Asus VivoBook 15 X512J (90NB0QU6-M05620),269990,Asus,Ноутбуки,Нет в наличии,456812,"15,6″ - 39,62 см",Windows 10 Home,Intel® Core™ i3 1005G1,1.2 ГГц,4 ГБ,HDD,1 ТБ,Intel UHD Graphics,G1,,(90NB0QU6-M05620)
s134,Ноутбук Acer Aspire 3 A315-55G 51К0 (NX.HNSER.008),339990,Acer,Ноутбуки,Нет в наличии,452823,"15,6″ - 39,62 см",Windows 10,Intel® Core™ i5-10210U,1.6 ГГц,8 ГБ,SSD,512 ГБ,GeForce MX,230,2 ГБ,(NX.HNSER.008)
s135,Ноутбук Acer Aspire 3 A315-54K i345UN (NX.HEEER.02R),229990,Acer,Ноутбуки,Нет в наличии,460102,"15,6″ - 39,62 см",DOS,Intel® Core™ i3-8130U,2.2 ГГц,4 ГБ,SSD,512 ГБ,Intel UHD Graphics,620,,(NX.HEEER.02R)
s136,Ноутбук Hewlett Packard Pavilion Gaming 15-Dk0038ur (7PW50EA),399990,HP,Ноутбуки,Нет в наличии,460145,"15,6″ - 39,62 см",DOS,Intel® Core™ i5-9300H,2.4 ГГц,8 ГБ,HDD + SSD,HDD 1 Тб + SSD 256 Гб,GeForce GTX,1650 Super,4 ГБ,(7PW50EA)
s137,Ноутбук Asus Vivobook X420FA-EB234T Transparent Silver (90NB0K01-M04700),229990,Asus,Ноутбуки,Нет в наличии,392645,"14″ - 35,56 см",Windows 10,Intel® Core™ i3-8145U,2.1 ГГц,4 ГБ,SSD,512 ГБ,Intel UHD Graphics,620,,(90NB0K01-M04700)
s138,"Ноутбук ASUS ROG Strix, G512LI-HN094, I585GN, 90NR0381-M02410",426890,Asus,Ноутбуки,Нет в наличии,460227,"15,6″ - 39,62 см",DOS,Intel ® Core™ i5-10300H,2.5 ГГц,8 ГБ,SSD,512 ГБ,GeForce GTX,1650 Ti,4 ГБ,(90NR0381-M02410)
s139,Ноутбук Acer Swift 3 SF314-57-35KA I382UW (NX.HJ7ER.003),300390,Acer,Ноутбуки,Нет в наличии,462670,"14″ - 35,56 см",Windows 10,Intel® Core™ i3 1005G1,1.2 ГГц,8 ГБ,SSD,256 Гб,Intel UHD Graphics,,,(NX.HJ7ER.003)
s140,Ноутбук ASUS Zenbook 14 UX433F (90NB0JR4-M13400),319990,Asus,Ноутбуки,Нет в наличии,459822,"14″ - 35,56 см",Windows 10,Intel® Core™ i3-8145U,2.1 ГГц,8 ГБ,SSD,512 ГБ,Intel UHD Graphics,620,,(90NB0JR4-M13400)
s141,Ноутбук Asus FX505D 90NR02N2-M03000,419990,Asus,Ноутбуки,Нет в наличии,456818,"14″ - 35,56 см",DOS,AMD Ryzen 7 3750H,2.3 ГГц,16 ГБ,SSD,512 ГБ,GeForce RTX,2060,6 ГБ,(90NR02N2-M03000)
s142,"Ноутбук HUAWEI Matebook D14, Nbl-WAQ9R",249990,Huawei,Ноутбуки,Нет в наличии,442830,,Windows 10 Home,AMD Ryzen 5 3500U,2.1 ГГц,8 ГБ,SSD,512 ГБ,Radeon Vega 8,Vega 8,8 ГБ,(Nbl-WAQ9R)
s143,"Ноутбук Acer Aspire 3, A315-55, NX.HEHER.01H",239990,Acer,Ноутбуки,Нет в наличии,427034,"15,6″ - 39,62 см",Windows 10,‎Intel® Core™ i3-7020U,2.3 ГГц,8 ГБ,HDD,1 ТБ,GeForce MX,130,2 ГБ,(NX.HEHER.01H)
s144,Ноутбук Lenovo Ideapad S340 Abyss Blue (81VV00J2RK),244990,Lenovo,Ноутбуки,Нет в наличии,456854,"14″ - 35,56 см",Windows 10 Home,Intel® Core™ i3 1005G1,1.2 ГГц,8 ГБ,SSD,512 ГБ,Intel HD Graphics,630M,SMA (выделяется из операт. памяти),(81VV00J2RK)
s145,"Ультрабук Apple Macbook Air i5 1,6/8Gb/128GB SSD Gold (MVFM2) 2019",459990,Apple,Ноутбуки,Нет в наличии,371609,"13,3″ - 33,78 см",MacOS X,Intel® Core™ i5-8210Y,1.6 ГГц,8 ГБ,SSD,128 ГБ,Intel UHD Graphics,617,1.5 ГБ,(MVFM2)
s146,"Ноутбук HP 15-ec0013ur, R585GN, 8NF73EA",319990,HP,Ноутбуки,Нет в наличии,460171,"15,6″ - 39,62 см",DOS,AMD Ryzen 5 3550H,2.1 ГГц,8 ГБ,SSD,512 ГБ,GeForce GTX,1650 Super,4 ГБ,(8NF73EA)
s147,Ноутбук Acer Predator Triton PT315-51 (NH.Q6DER.008),419990,Acer,Ноутбуки,Нет в наличии,427024,"15,6″ - 39,62 см",DOS,Intel® Core™i5 9300H,2.4 ГГц,8 ГБ,SSD,512 ГБ,GeForce GTX,1650 Super,,(NH.Q6DER.008)
s148,Ноутбук Lenovo Ideapad  S145-15IGM (81MX00AXRK),151990,Lenovo,Ноутбуки,Нет в наличии,456861,"15,6″ - 39,62 см",Windows 10 Home,Intel® Pentium® N5000,1.10 ГГц,4 ГБ,HDD,500 Гб,Intel HD Graphics,630M,SMA (выделяется из операт. памяти),(81MX00AXRK)
s149,Ноутбук Lenovo Legion Y540 81SX00XNRK,488990,Lenovo,Ноутбуки,Нет в наличии,456849,"15,6″ - 39,62 см",DOS,Intel® Core™ i7-9750H,2.4 ГГц,16 ГБ,SSD,1 ТБ,GeForce GTX,1660 Ti,6 ГБ,(81SX00XNRK)
s150,Ноутбук Acer Nitro 5 AN515-44-R67F (NH.Q9GER.008),379990,Acer,Ноутбуки,Нет в наличии,462689,"15,6″ - 39,62 см",DOS,AMD® Ryzen ™ 5 4600H,3.0 ГГц,8 ГБ,SSD,512 ГБ,GeForce GTX,1650 Super,4 ГБ,(NH.Q9GER.008)
s151,Ноутбук Asus Laptop M509DA-BR081T (90NB0P51-M02970),209990,Asus,Ноутбуки,Нет в наличии,442701,"15,6″ - 39,62 см",Windows 10,AMD Ryzen 5 3550H,2.1 ГГц,8 ГБ,HDD,1 ТБ,Radeon,Vega 8,SMA (выделяется из операт. памяти),(90NB0P51-M02970)
s152,"Ноутбук Xiaomi Mi NoteBook Air 12,5"" Silver (JYU4047CN)",189990,Xiaomi,Ноутбуки,Нет в наличии,80738,"12,5″ - 31,75 см",Windows 10 Home,Intel® Core™ M3-7Y30,1 ГГц,4 ГБ,SSD,128 ГБ,Intel HD Graphics,615,SMA (выделяется из операт. памяти),(JYU4047CN)
s153,"Ноутбук Apple MacBook Pro 13.3″ Touch Bar i5 1,4/8Gb/128GB SSD Space Gray (MUHN2)",577790,Apple,Ноутбуки,Нет в наличии,373845,"13,3″ - 33,78 см",MacOS X,Intel® Core™ i5-8257U,1.4 ГГц,8 ГБ,SSD,128 ГБ,Iris Plus Graphics,645,1.5 ГБ,(MUHN2)
s154,Ноутбук Lenovo Ideapad S145 81W800KSRK,259990,Lenovo,Ноутбуки,Нет в наличии,456856,"15,6″ - 39,62 см",Windows 10,Intel® Core™ i5-1035G1,1 ГГц,4 ГБ,HDD,1 ТБ,Intel HD Graphics,630M,SMA (выделяется из операт. памяти),(81W800KSRK)
s155,Ноутбук Lenovo IdeaPad 3 L3 15IML05 I341TMN (81Y30020RK),239990,Lenovo,Ноутбуки,Нет в наличии,467405,"15,6″ - 39,62 см",DOS,Intel® Core™ i3-10110U,2.1 ГГц,4 ГБ,HDD,1 ТБ,GeForce MX,130,2 ГБ,(81Y30020RK)
s156,Ноутбук Lenovo IdeaPad S540 (81NF00E8RK),316990,Lenovo,Ноутбуки,Нет в наличии,456858,"14″ - 35,56 см",Windows 10 Home,Intel® Core™ i5-10210U,1.6 ГГц,8 ГБ,SSD,512 ГБ,GeForce,MX250,2 ГБ,(81NF00E8RK)
s157,Ноутбук Lenovo IdeaPad S340-14API R582UN (81NB00F2RK),194990,Lenovo,Ноутбуки,Нет в наличии,460070,"14″ - 35,56 см",DOS,AMD Ryzen 5 3500U,2.1 ГГц,8 ГБ,SSD,256 Гб,Radeon,Vega 8,SMA (выделяется из операт. памяти),(81NB00F2RK)
s158,Ноутбук Acer Nitro 5 AN515-43 NH.Q6NER.002,249990,Acer,Ноутбуки,Нет в наличии,427027,,DOS,AMD Ryzen 5 3550H,2.1 ГГц,8 ГБ,SSD,512 ГБ,GeForce GTX,1050 Ti,4 ГБ,
s159,Ноутбук Hewlett Packard Pavilion Gaming 15-dk0036ur I585GN 7QA10EA,399990,HP,Ноутбуки,Нет в наличии,460144,"15,6″ - 39,62 см",DOS,Intel® Core™ i5-9300H,2.4 ГГц,8 ГБ,SSD,512 ГБ,GeForce GTX,1650 Super,4 ГБ,
s160,"Ноутбук HP 15-ec0041ur, R581TSGN, 9PU27EA",399990,HP,Ноутбуки,Нет в наличии,460172,"15,6″ - 39,62 см",DOS,AMD Ryzen 5 3550H,2.1 ГГц,8 ГБ,SSD,1 ТБ,GeForce GTX,1660 Ti,6 ГБ,
s161,Ноутбук Asus X420F i342UN (90NB0K01-M04880),219990,Asus,Ноутбуки,Нет в наличии,459913,"14″ - 35,56 см",DOS,Intel® Core™ i3-8145U,2.1 ГГц,8 ГБ,SSD,256 Гб,Intel UHD Graphics,620,SMA (выделяется из операт. памяти),(90NB0K01-M04880)
s162,"Ноутбук Lenovo Ideapad 330S-15IKB, (81F501A6RU)",287490,Lenovo,Ноутбуки,Нет в наличии,87201,"15,6″ - 39,62 см",Windows 10,Intel® Core™ i5-8250U,1.6 ГГц,12 Гб + 16 Гб Optane,HDD,1 ТБ,Radeon,540,2 ГБ,(81F501A6RU)
s163,Ноутбук Acer Nitro 7 AN715-51 (NH.Q5HER.009),449990,Acer,Ноутбуки,Нет в наличии,427023,"15,6″ - 39,62 см",DOS,Intel® Core™ i5-9300H,2.4 ГГц,8 ГБ,SSD,512 ГБ,GeForce GTX,1660 Ti,6 ГБ,(NH.Q5HER.009)
s164,Ноутбук Asus Vivobook 14 X420UA-EK220T Transparent Silver (90NB0LA1-M06300),212190,Asus,Ноутбуки,Нет в наличии,312499,"14″ - 35,56 см",Windows 10 Home,‎Intel® Core™ i3-7020U,2.3 ГГц,8 ГБ,SSD,256 Гб,Intel HD Graphics,620,,(90NB0LA1-M06300)
s165,Ноутбук Acer Swift 3 SF314-57-56VE (NX.HJHER.006),369990,Acer,Ноутбуки,Нет в наличии,462625,"14″ - 35,56 см",Windows 10 Home,Intel® Core™ i5-1035G1,1 ГГц,8 ГБ,SSD,256 Гб,UHD 630,HD Graphics,UMA,(NX.HJHER.006)
s166,Ноутбук Acer Aspire 3 A315-55G 3239 (NX.HEHER.01F),264990,Acer,Ноутбуки,Нет в наличии,452816,"15,6″ - 39,62 см",Windows 10,‎Intel® Core™ i3-7020U,2.3 ГГц,8 ГБ,HDD,1 ТБ,GeForce MX,130,2 ГБ,(NX.HEHER.01F)
s167,Ноутбук Acer Aspire 3 A315-54K (NX.HEEER.02K),199990,Acer,Ноутбуки,Нет в наличии,467025,"15,6″ - 39,62 см",Linux,Intel® Core™ i3-8130U,2.2 ГГц,4 ГБ,HDD,1 ТБ,Intel UHD Graphics,620,,(NX.HEEER.02K)
s168,Ноутбук Acer Aspire 3 A315-55KG-38DK I341TMW (NX.HEHER.028),259990,Acer,Ноутбуки,Нет в наличии,462661,"15,6″ - 39,62 см",Windows 10,Intel® Core™ i3-8130U,2.2 ГГц,4 ГБ,HDD,1 ТБ,GeForce MX,130,2 ГБ,(NX.HEHER.028)
s169,Ноутбук Lenovo Legion Y7000 I781T1SGN (81NS001TRK),559990,Lenovo,Ноутбуки,Нет в наличии,467051,"15,6″ - 39,62 см",DOS,Intel® Core™ i7-9750H,2.6 ГГц,8 ГБ,HDD + SSD,HDD 1 Тб + SSD 128 Гб,GeForce RTX,2060,6 ГБ,(81NS001TRK)
s170,Ноутбук Asus Laptop 15 X509J (90NB0QE2-M04160),219990,Asus,Ноутбуки,Нет в наличии,463045,"15,6″ - 39,62 см",DOS,Intel® Core™ i3 1005G1,1.2 ГГц,4 ГБ,HDD,1 ТБ,Intel UHD Graphics,,,(90NB0QE2-M04160)
s171,Ноутбук Lenovo IdeaPad S340-15API R382UN (81NC00K7RK),155990,Lenovo,Ноутбуки,Нет в наличии,460069,"15,6″ - 39,62 см",DOS,AMD Ryzen 3200U,2.6 ГГц,8 ГБ,SSD,256 Гб,Radeon,Vega 3,SMA (выделяется из операт. памяти),(81NC00K7RK)
s172,Ультрабук Asus VivoBook 14 X412FA (90NB0L91-M18300),229990,Asus,Ноутбуки,Нет в наличии,463424,"14″ - 35,56 см",Windows 10,Intel® Pentium® Gold 5405U,2.3 ГГц,4 ГБ,SSD,512 ГБ,Intel UHD Graphics,610,,(90NB0L91-M18300)
s173,Ноутбук Asus FA506 R7161SGN (90NR03L1-M03470),499990,Asus,Ноутбуки,Нет в наличии,459925,"15,6″ - 39,62 см",DOS,AMD Ryzen™ 7 4800H,2.9 ГГц,16 ГБ,SSD,1 ТБ,GeForce RTX,2060,6 ГБ,(90NR03L1-M03470)
s174,Ультрабук Apple Macbook Pro 13″ Touch Bar  i5 2.4 /8GB/512GB SSD Silver (MV9A2),879990,Apple,Ноутбуки,Нет в наличии,306405,"13,3″ - 33,78 см",MacOS X,Intel® Core™ i5-8279U,2.4 ГГц,8 ГБ,SSD,512 ГБ,Iris Plus Graphics,655,,(MV9A2)
s175,"Ноутбук Apple MacBook 15"" Touch Bar i7 2.8/16/256 Silver (MPTR2)",976590,Apple,Ноутбуки,Нет в наличии,79257,"15,4″ - 39,12 см",macOS Sierra,Intel® Core™ i7-7700HQ,2.8 ГГц,16 ГБ,SSD,256 Гб,Radeon Pro,555,2 ГБ,(MPTR2)
s176,"Ноутбук HUAWEI Matebook D15, Boh-WAQ9R",259990,Huawei,Ноутбуки,Нет в наличии,442829,,Windows 10 Home,AMD Ryzen 5 3500U,2.1 ГГц,8 ГБ,SSD,256 Гб,Radeon Vega 8,Vega 8,8 ГБ,(Boh-WAQ9R)
s177,"Ноутбук Lenovo Ideapad 330S-14IKB, (81F400V4RU)",240490,Lenovo,Ноутбуки,Нет в наличии,87200,"14″ - 35,56 см",Windows 10 Home,Intel® Core™ i5-8250U,1.6 ГГц,8 ГБ,SSD,256 Гб,Intel UHD Graphics,620,SMA (выделяется из операт. памяти),(81F400V4RU)
s178,Ноутбук Acer Aspire 3 A315-55G I541TMN (NX.HNSER.00F),289990,Acer,Ноутбуки,Нет в наличии,467019,"15,6″ - 39,62 см",Linux,Intel® Core™ i5-10210U,1.6 ГГц,4 ГБ,HDD,1 ТБ,GeForce MX,230,2 ГБ,(NX.HNSER.00F)
s179,Ноутбук Acer Swift 3 SF314-57-38QB I385UW (NX.HHXER.002),329990,Acer,Ноутбуки,Нет в наличии,462671,"14″ - 35,56 см",Windows 10,Intel® Core™ i3 1005G1,1.2 ГГц,8 ГБ,SSD,512 ГБ,Intel UHD Graphics,,,(NX.HHXER.002)
s180,Ноутбук Acer Nitro 5 AN515-55-770N I7161TSGN (NH.Q7PER.008),499990,Acer,Ноутбуки,Нет в наличии,462685,"15,6″ - 39,62 см",DOS,Intel® Core™ i7-10750H,2.6 ГГц,16 ГБ,SSD,1 ТБ,GeForce GTX,1660 Ti,6 ГБ,(NH.Q7PER.008)
s181,Ноутбук Acer Aspire 5 A515-43G-R5NP R581TMN (NX.HF5ER.003),259990,Acer,Ноутбуки,Нет в наличии,467022,"15,6″ - 39,62 см",Linux,AMD Ryzen 5 3500U,2.1 ГГц,8 ГБ,HDD,1 ТБ,Radeon,540X,4 ГБ,(NX.HF5ER.003)
s182,Ноутбук HP ENVY-13 13-ar0016ur R585UW (9PU38EA),360990,HP,Ноутбуки,Нет в наличии,460129,"13,3″ - 33,78 см",Windows 10,AMD Ryzen 5 3500U,2.1 ГГц,8 ГБ,SSD,512 ГБ,Radeon,Vega 8,,(9PU38EA)
s183,Ноутбук Acer Swift 1 SF114-32 Silver (NX.GXUER.00B),159990,Acer,Ноутбуки,Нет в наличии,427031,"14″ - 35,56 см",Windows 10,Intel® Pentium® N5000,1.10 ГГц,4 ГБ,SSD,256 Гб,Intel UHD Graphics,605,,(NX.GXUER.00B)
s184,Ноутбук Asus VivoBook S14 S433F (90NB0Q04-M03020),279990,Asus,Ноутбуки,Нет в наличии,463439,"14-15,6″",DOS,Intel® Core™ i5-10210U,1.6 ГГц,8 ГБ,SSD,512 ГБ,Intel HD Graphics,,,(90NB0Q04-M03020)
s185,Ноутбук Lenovo Ideapad S145-15IWL (81MV011TRK),119990,Lenovo,Ноутбуки,Нет в наличии,392605,"15,6″ - 39,62 см",Windows 10 Home,Intel® Pentium® Gold 5405U,2.3 ГГц,4 ГБ,HDD,1 ТБ,GeForce MX,MX 110,2 ГБ,(81MV011TRK)
s186,Ультрабук Lenovo IdeaPad 5 14IIL05 (81YH00KERK),319990,Lenovo,Ноутбуки,Нет в наличии,463075,"14″ - 35,56 см",Windows 10,Intel® Core™ i3 1005G1,1.2 ГГц,8 ГБ,SSD,512 ГБ,Intel UHD Graphics,620,,(81YH00KERK)
s187,Ноутбук Acer Swift 1 SF114-32 (NX.GXRER.001),149990,Acer,Ноутбуки,Нет в наличии,427030,"14″ - 35,56 см",Windows 10,,1.10 ГГц,4 ГБ,SSD,128 ГБ,,,,(NX.GXRER.001)
s188,Ноутбук Acer Predator Helios 300 PH315-53-53Z7 (NH.Q7YER.007),669990,Acer,Ноутбуки,Нет в наличии,462680,"15,6″ - 39,62 см",DOS,Intel ® Core™ i5-10300H,2.5 ГГц,16 ГБ,SSD,1 ТБ,GeForce RTX,2060,6 ГБ,(NH.Q7YER.007)
s189,Ноутбук Asus Laptop 15 X509J (90NB0QE1-M01710),219990,Asus,Ноутбуки,Нет в наличии,459921,"15,6″ - 39,62 см",Windows 10,Intel® Core™ i3 1005G1,1.2 ГГц,4 ГБ,SSD,256 Гб,Intel UHD Graphics,,,(90NB0QE1-M01710)
s190,Ноутбук Apple MacBook Pro 13 2020 Space Grey (MXK32),730990,Apple,Ноутбуки,Нет в наличии,460435,"13,3″ - 33,78 см",MacOS X,Intel® Core™ i5-82UX,1.4 ГГц,8 ГБ,SSD,256 Гб,Iris Plus Graphics,645,1.5 ГБ,(MXK32)
s191,Ноутбук Asus ROG Strix G G531GT-AL003 (90NR01L3-M08800),429990,Asus,Ноутбуки,Нет в наличии,392639,"15,6″ - 39,62 см",DOS,Intel® Core™ i7-9750H,2.6 ГГц,16 ГБ,SSD,512 ГБ,GeForce GTX,1650 Super,4 ГБ,(90NR01L3-M08800)
s192,"Ноутбук Lenovo IdeaPad 330-15IKB, I541TMN, 81DC017VRK",289990,Lenovo,Ноутбуки,Нет в наличии,470179,"15,6″ - 39,62 см",DOS,Intel® Core™ i5-7200U,2.5 ГГц,4 ГБ,HDD,1 ТБ,GeForce MX,110,2 ГБ,(81DC017VRK)
s193,Ноутбук Lenovo Yoga S740 (81RS00AYRK),381990,Lenovo,Ноутбуки,Нет в наличии,456857,"14″ - 35,56 см",Windows 10 Home,Intel® Core™ i5-1035G4,1.1 ГГц,8 ГБ,SSD,512 ГБ,Intel HD Graphics,630M,SMA (выделяется из операт. памяти),(81RS00AYRK)
s194,Ноутбук Acer Swift 3 SF314-57-52B7 I585UW (NX.HJKER.00B),353290,Acer,Ноутбуки,Нет в наличии,462668,"14″ - 35,56 см",Windows 10,Intel® Core™ i5-1035G1,1 ГГц,8 ГБ,SSD,512 ГБ,Intel UHD Graphics,,,(NX.HJKER.00B)
s195,Ноутбук Asus Vivobook 14 X412FA (90NB0L92-M18290),229990,Asus,Ноутбуки,Нет в наличии,463425,"14″ - 35,56 см",Windows 10,Intel® Pentium® Gold 5405U,2.3 ГГц,4 ГБ,SSD,512 ГБ,Intel UHD Graphics,610,,(90NB0L92-M18290)
s196,Ноутбук ASUS Laptop 15 X509U i381TUN (90NB0N72-M00300),219990,Asus,Ноутбуки,Нет в наличии,459917,"15,6″ - 39,62 см",DOS,‎Intel® Core™ i3-7020U,2.3 ГГц,8 ГБ,HDD,1 ТБ,GeForce MX,230,2 ГБ,(90NB0N72-M00300)
s197,Ноутбук Acer Swift 1 SF114-32-P54W Pink (NX.GZLER.001),199990,Acer,Ноутбуки,Нет в наличии,462686,"14″ - 35,56 см",Windows 10,Intel® Pentium® N5000,1.1 ГГц,4 ГБ,SSD,128 ГБ,Intel UHD Graphics,605,,(NX.GZLER.001)
s198,Ноутбук Acer Aspire 3 A315-55KG I341TMN (NX.HEHER.004),239990,Acer,Ноутбуки,Нет в наличии,467020,"15,6″ - 39,62 см",Linux,‎Intel® Core™ i3-7020U,2.3 ГГц,4 ГБ,HDD,1 ТБ,GeForce MX,130,2 ГБ,(NX.HEHER.004)
s199,"Ультрабук Apple Macbook Air 13,3"" i5 1,6/8Gb/128GB SSD Silver (MVFK2)",459990,Apple,Ноутбуки,Нет в наличии,371608,"13,3″ - 33,78 см",MacOS X,Intel® Core™ i5-8210Y,1.6 ГГц,8 ГБ,SSD,128 ГБ,Intel UHD Graphics,617,1.5 ГБ,(MVFK2)
s200,"Ультрабук Apple MacBook Air 13 i5 1,6/8Gb/256GB SSD Space Gray (MVFJ2) ",499990,Apple,Ноутбуки,Нет в наличии,371610,"13″ - 33,02 см",MacOS X,Intel® Core™ i5-8210Y,1.6 ГГц,8 ГБ,SSD,256 Гб,Intel UHD Graphics,617,SMA (выделяется из операт. памяти),(MVFJ2) 
s201,Ультрабук HP Weasley 1.0 15-db1237ur (1X2S6EA),209990,HP,Ноутбуки,Нет в наличии,463057,"15,6″ - 39,62 см",Windows 10,AMD Ryzen 3 3200U,2.6 ГГц,4 ГБ,HDD,1 ТБ,Radeon,Vega 3,,(1X2S6EA)
s202,Ноутбук Acer Aspire 3 A315-56 (NX.HS5ER.004),219990,Acer,Ноутбуки,Нет в наличии,467021,"15,6″ - 39,62 см",Linux,Intel® Core™ i3 1005G1,1.2 ГГц,4 ГБ,SSD,256 Гб,Intel UHD Graphics,,,(NX.HS5ER.004)
s203,Ноутбук Apple MacBook 12″ Core M3 1.2/8/256SSD Space Grey (MNYF2),369990,Apple,Ноутбуки,Нет в наличии,78318,"12″ - 30,48 см",macOS High Sierra,,1.2 ГГц,8 ГБ,SSD,256 Гб,Intel HD Graphics,615,SMA (выделяется из операт. памяти),(MNYF2)
s204,Ноутбук HP Pavilion Gaming R5161T2SGN 16D74EA (15-ec1027ur),399990,HP,Ноутбуки,Нет в наличии,463061,"15,6″ - 39,62 см",DOS,AMD® Ryzen ™ 5 4600H,,16 ГБ,HDD + SSD,HDD 1 Тб + SSD 256 Гб,GeForce GTX,1650 Super,4 ГБ,(15-ec1027ur)
s205,Ноутбук HP Laptop Weasley 19C1 R581TUW 1X2S5EA (15-db1230ur),259990,HP,Ноутбуки,Нет в наличии,463059,"15,6″ - 39,62 см",Windows 10,AMD Ryzen 5 3500U,,8 ГБ,HDD,1 ТБ,Radeon,Vega 8,,(15-db1230ur)
s206,Ноутбук Acer Nitro 5 AN515-54 (NH.Q5BER.02T),499990,Acer,Ноутбуки,Нет в наличии,427022,"15,6″ - 39,62 см",DOS,Intel® Core™ i7-9750H,2.6 ГГц,16 ГБ,HDD,1 ТБ,GeForce GTX,1660 Ti,4 ГБ,(NH.Q5BER.02T)
s207,Ноутбук Acer Swift 1 SF114-32 Pink (NX.GZLER.008),189990,Acer,Ноутбуки,Нет в наличии,427032,"14″ - 35,56 см",Windows 10,Intel® Pentium® Silver N5000,1.10 ГГц,4 ГБ,SSD,256 Гб,Intel HD Graphics,650,,(NX.GZLER.008)
s208,Ноутбук Acer Extensa EX215-51K I345UN (NX.EFZER.00Y),219990,Acer,Ноутбуки,Нет в наличии,467030,"15,6″ - 39,62 см",Linux,Intel® Core™ i3-10110U,2.1 ГГц,4 ГБ,SSD,512 ГБ,Intel UHD Graphics,620,,(NX.EFZER.00Y)
s209,Ноутбук Asus Laptop 15 X509F (90NB0N02-M05090),199990,Asus,Ноутбуки,Нет в наличии,459916,"15,6″ - 39,62 см",DOS,Intel® Core™ i3-8145U,2.1 ГГц,4 ГБ,SSD,256 Гб,GeForce MX,110,2 ГБ,(90NB0N02-M05090)
s210,Ноутбук HP Laptop Potter 1.0 R581TUW 1X2T1EA (15-dw0121ur),279990,HP,Ноутбуки,Нет в наличии,463063,"15,6″ - 39,62 см",Windows 10,Intel® Core™ i3-8130U,,8 ГБ,HDD,1 ТБ,GeForce MX,130,2 ГБ,(15-dw0121ur)
s211,"Ноутбук Apple MacBook Pro 13.3″ Touch Bar i5 1,4/8Gb/256GB SSD Silver (MUHR2)",649990,Apple,Ноутбуки,Нет в наличии,373846,,MacOS X,Intel® Core™ i5-8257U,1.4 ГГц,8 ГБ,SSD,256 Гб,Iris Plus Graphics,645,1.5 ГБ,(MUHR2)
s212,Ноутбук Asus ROG Strix G512L (90NR04D1-M03870),579990,Asus,Ноутбуки,Нет в наличии,456814,"14″ - 35,56 см",DOS,,1.8 ГГц,16 ГБ,,16 ГБ,GeForce RTX,,,(90NR04D1-M03870)
s213,"Ультрабук Apple Macbook Air 13"" i5 1,6/8Gb/256GB SSD Gold (MVFN2)",529990,Apple,Ноутбуки,Нет в наличии,371612,"13,3″ - 33,78 см",MacOS X,Intel® Core™ i5-8210Y,1.6 ГГц,8 ГБ,SSD,256 Гб,Intel UHD Graphics,617,SMA (выделяется из операт. памяти),(MVFN2)
s214,Ноутбук Acer Aspire 3 A315-55KG I345MN (NX.HEDER.03S),239990,Acer,Ноутбуки,Нет в наличии,467029,"15,6″ - 39,62 см",Linux,Intel® Core™ i3-8130U,2.2 ГГц,4 ГБ,HDD,500 Гб,GeForce MX,130,2 ГБ,(NX.HEDER.03S)
s215,Ноутбук Lenovo IdeaPad 3 L340-15IRH (81LK00K5RK),384990,Lenovo,Ноутбуки,Нет в наличии,467055,"15,6″ - 39,62 см",DOS,Intel® Core™ i7-9750H,2.6 ГГц,8 ГБ,HDD + SSD,HDD 1 Тб + SSD 128 Гб,GeForce GTX,1650 Super,4 ГБ,(81LK00K5RK)
s216,Ноутбук Asus ROG Strix G G531GU-AL065 (90NR01J3-M08960),599990,Asus,Ноутбуки,Нет в наличии,392641,"15,6″ - 39,62 см",DOS,Intel® Core™ i7-9750H,2.6 ГГц,16 ГБ,SSD,512 ГБ,GeForce GTX,1660 Ti,6 ГБ,(90NR01J3-M08960)
s217,Ноутбук Acer Aspire 3 A315-42 (NX.HF8ER.027),179990,Acer,Ноутбуки,Нет в наличии,467403,"15,6″ - 39,62 см",Linux,AMD Athlon II 300U,2.4 ГГц,4 ГБ,HDD,500 Гб,Radeon,540X,2 ГБ,(NX.HF8ER.027)
s218,Ноутбук Asus UX434F 90NB0MQ5-M07700,459990,Asus,Ноутбуки,Нет в наличии,456815,"14″ - 35,56 см",Windows 10 Home,Intel® Core™ i5-10210U,1.6 ГГц,16 ГБ,SSD,512 ГБ,Intel UHD Graphics,620,,
s219,Ноутбук Lenovo IdeaPad 3 330-17IKB (81DK0088RK),254990,Lenovo,Ноутбуки,Нет в наличии,467053,"15,6″ - 39,62 см",Windows 10,Intel® Core™ i3-7130U,2.7 ГГц,4 ГБ,HDD,1 ТБ,GeForce MX,110,2 ГБ,(81DK0088RK)
s220,Ноутбук Acer Aspire 3 A315-55KG-38C9 (NX.HEHER.019),239990,Acer,Ноутбуки,Нет в наличии,393474,"15,6″ - 39,62 см",Windows 10 Home,‎Intel® Core™ i3-7020U,2.3 ГГц,8 ГБ,HDD,1 ТБ,GeForce MX,MX130,2 ГБ,(NX.HEHER.019)
s221,Ноутбук Asus FX705D 90NR02B1-M02050,349990,Asus,Ноутбуки,Нет в наличии,456816,"17,3″ - 43,94 см",DOS,AMD Ryzen 5 3550H,2.1 ГГц,8 ГБ,SSD,512 ГБ,Radeon Vega 8,1650 Super,4 ГБ,
s222,Ноутбук Lenovo Ideapad 530S-14ARR (81H10016RU),279990,Lenovo,Ноутбуки,Нет в наличии,87202,"14″ - 35,56 см",Windows 10 Home,AMD Ryzen 5 2500U,2.0 ГГц,8 ГБ,SSD,256 Гб,Radeon,Vega 8,SMA (выделяется из операт. памяти),(81H10016RU)
s223,Ноутбук Acer Extensa EX215-51KG i341TMW (NX.EFQER.00L),259990,Acer,Ноутбуки,Нет в наличии,460103,"15,6″ - 39,62 см",Windows 10,Intel® Core™ i3-8130U,2.2 ГГц,4 ГБ,HDD,1 ТБ,GeForce MX,130,,(NX.EFQER.00L)
s224,"Ноутбук Apple MacBook Pro 13.3″ Touch Bar  i5 1,4/8Gb/256GB SSD Space Grey (MUHP2)",629990,Apple,Ноутбуки,Нет в наличии,373847,"13,3″ - 33,78 см",MacOS X,Intel® Core™ i5-8257U,1.4 ГГц,8 ГБ,SSD,256 Гб,Iris Plus Graphics,645,1.5 ГБ,(MUHP2)
s225,Ноутбук Asus Laptop 15 M509D A41TUN (90NB0P52-M19090),159990,Asus,Ноутбуки,Нет в наличии,463047,"15,6″ - 39,62 см",DOS,AMD Athlon™ Silver 3050U,2.3 ГГц,4 ГБ,HDD,1 ТБ,Radeon,Vega 3,,(90NB0P52-M19090)
s226,Ноутбук Acer Swift 5 SF514-54T (NX.HLGER.001),459990,Acer,Ноутбуки,Нет в наличии,462628,"14″ - 35,56 см",Windows 10 Home,Intel® Core™ i7-1065G7,1.3 ГГц,8 ГБ,SSD,512 ГБ,Iris Plus Graphics,HD Graphics,2 ГБ,(NX.HLGER.001)
s227,Ноутбук Apple MacBook Air 13″ i5 /8GB/256GB SSD Silver (MREC2) 2018,628490,Apple,Ноутбуки,Нет в наличии,85846,"13,3″ - 33,78 см",MacOS X,Intel® Core™ i5-8210Y,1.6 ГГц,8 ГБ,SSD,256 Гб,Intel UHD Graphics,617,,(MREC2)
s228,Ноутбук Acer Predator Triton 500 PT515-52-705M (NH.Q6WER.004),1399990,Acer,Ноутбуки,Нет в наличии,462678,"15,6″ - 39,62 см",DOS,Intel® Core™ i7-10750H,2.6 ГГц,32 Гб,SSD,2 Гб,GeForce RTX,2080 Super,8 ГБ,(NH.Q6WER.004)
s229,"Ноутбук Acer Aspire 3, A315-54K-348J, Black, (NX.HEEER.007)",169990,Acer,Ноутбуки,Нет в наличии,393478,"15,6″ - 39,62 см",Linux,‎Intel® Core™ i3-7020U,2.3 ГГц,4 ГБ,HDD,1 ТБ,Intel HD Graphics,620,SMA (выделяется из операт. памяти),(NX.HEEER.007)
s230,Ноутбук Acer Swift 3 SF314-57-33AB I385UW (NX.HJ7ER.002),319890,Acer,Ноутбуки,Нет в наличии,462667,"14″ - 35,56 см",Windows 10,Intel® Core™ i3 1005G1,1.2 ГГц,8 ГБ,SSD,512 ГБ,Intel UHD Graphics,,,(NX.HJ7ER.002)
s231,Ноутбук Asus VivoBook Flip (TP412UA-EC056T),235090,Asus,Ноутбуки,Нет в наличии,82427,"14″ - 35,56 см",Windows 10 Home,‎Intel® Core™ i3-7020U,2.3 ГГц,4 ГБ,SSD,256 Гб,Intel HD Graphics,620,,(TP412UA-EC056T)
s232,"Ультрабук Apple Macbook Pro 13'' Touch Bar i5 2,4/8/256SSD Space Grey (MV962)",769990,Apple,Ноутбуки,Нет в наличии,371617,"13,3″ - 33,78 см",MacOS X,Intel® Core™ i5-8279U,2.4 ГГц,8 ГБ,SSD,256 Гб,Iris Plus Graphics,655,SMA (выделяется из операт. памяти),(MV962)
s233,Ноутбук Apple MacBook Air 13″ i5 1.6/8Gb/128Gb SSD Silver (MREA2),499990,Apple,Ноутбуки,Нет в наличии,85843,"13,3″ - 33,78 см",MacOS X,Intel® Core™ i5-8210Y,1.6 ГГц,8 ГБ,SSD,128 ГБ,Intel UHD Graphics,617,,(MREA2)
s234,Ноутбук Asus Laptop X509FB-BR015T Slate Gray (90NB0N02-M01220),239990,Asus,Ноутбуки,Нет в наличии,312500,"15,6″ - 39,62 см",Windows 10,Intel® Core™ i5-8265U,1.6 ГГц,8 ГБ,HDD,1 ТБ,GeForce MX,MX 110,2 ГБ,(90NB0N02-M01220)
s235,Ультрабук Apple MacBook 12″ Core M3/8GB/256GB Gold (MRQN2),383790,Apple,Ноутбуки,Нет в наличии,355864,"12″ - 30,48 см",MacOS X,Intel® Core™ M3-7Y30,1.2 ГГц,8 ГБ,SSD,256 Гб,Intel HD Graphics,615,,(MRQN2)
s236,"Ультрабук Apple Macbook Pro 13"" Touch Bar i5 2,4/8/256SSD Silver (MV992)",799990,Apple,Ноутбуки,Нет в наличии,371618,"13,3″ - 33,78 см",MacOS X,Intel® Core™ i5-8279U,2.4 ГГц,8 ГБ,SSD,256 Гб,Iris Plus Graphics,655,,(MV992)
s237,Ультрабук Lenovo IdeaPad 5 S540-13API (81XC0009RK),239990,Lenovo,Ноутбуки,Нет в наличии,467054,"13,3″ - 33,78 см",Windows 10,AMD Ryzen 5 3550H,2.1 ГГц,8 ГБ,SSD,256 Гб,Radeon,Vega 8,,(81XC0009RK)
s238,"Ноутбук Acer Aspire 3, A315-55G-575W, Black, NX.HEDER.027",259990,Acer,Ноутбуки,Нет в наличии,393479,"15,6″ - 39,62 см",Linux,Intel® Core™ i5-8265U,1.6 ГГц,8 ГБ,HDD,1 ТБ,GeForce MX,,2 ГБ,(NX.HEDER.027)
s239,Ноутбук Acer Swift 3 SF314-57G (NX.HJEER.001),419990,Acer,Ноутбуки,Нет в наличии,462627,"14″ - 35,56 см",Windows 10 Home,Intel® Core™ i7-1065G7,1.3 ГГц,8 ГБ,SSD,256 Гб,GeForce MX,250,2 ГБ,(NX.HJEER.001)
s240,"Ноутбук Apple MacBook Pro Touch Bar 15.4″ i7 2,2/16/R555X/256SSD Space Grey(MR932)",1010490,Apple,Ноутбуки,Нет в наличии,81124,"15,4″ - 39,12 см",macOS High Sierra,Intel® Core™ i7-8750H,2.2 ГГц,16 ГБ,SSD,256 Гб,Radeon Pro,555X,4 ГБ,(MR932)
s241,Ноутбук Lenovo Yoga S940 (81Q8005VRK),754990,Lenovo,Ноутбуки,Нет в наличии,456860,"14″ - 35,56 см",Windows 10 Home,Intel® Core™ i7-1065G7,1.3 ГГц,16 ГБ,SSD,512 ГБ,Intel HD Graphics,630M,SMA (выделяется из операт. памяти),(81Q8005VRK)
s242,Ноутбук Acer Aspire 3 A315-54 I345SUN (NX.HEFER.01J),209990,Acer,Ноутбуки,Нет в наличии,467404,"15,6″ - 39,62 см",Linux,Intel® Core™ i3-8145U,2.1 ГГц,4 ГБ,SSD,512 ГБ,Intel UHD Graphics 620,620,,(NX.HEFER.01J)
s243,Ноутбук Acer Extensa EX2519 (NX.EFAER.12C),174990,Acer,Ноутбуки,Нет в наличии,467031,"15,6″ - 39,62 см",Linux,Intel® Pentium® N3710,1.6 ГГц,4 ГБ,HDD,1 ТБ,Intel HD Graphics,405,,(NX.EFAER.12C)
s244,"Ноутбук Acer Aspire 3, A315-54-336C, Black, NX.HEFER.01D",199990,Acer,Ноутбуки,Нет в наличии,393477,"15,6″ - 39,62 см",Windows 10 Home,Intel® Core™ i3-8145U,2.1 ГГц,8 ГБ,SSD,512 ГБ,Intel UHD Graphics,620,,( NX.HEFER.01D)
s245,"Ноутбук Apple MacBook Pro 13.3″ Touch Bar i5 2,3/8/256SSD Silver (MR9U2)",719890,Apple,Ноутбуки,Нет в наличии,81449,"13,3″ - 33,78 см",macOS High Sierra,Intel® Core™ i5-8259U,2.4 ГГц,8 ГБ,SSD,256 Гб,Iris Plus Graphics,655,SMA (выделяется из операт. памяти),(MR9U2)
s246,Ноутбук Acer ConceptD 3 CN315-71-52E1 (NX.C57ER.002),599990,Acer,Ноутбуки,Нет в наличии,462682,"15,6″ - 39,62 см",Windows 10,Intel® Core™ i5-9300H,2.4 ГГц,16 ГБ,SSD,1 ТБ,GeForce GTX,1650 Super,4 ГБ,(NX.C57ER.002)
s247,"Ноутбук Acer Aspire 3, A315-55G-54HZ, Black, (NX.HEDER.03A)",329990,Acer,Ноутбуки,Нет в наличии,393481,"15,6″ - 39,62 см",Windows 10 Home,Intel® Core™ i5-8265U,1.6 ГГц,8 ГБ,SSD,512 ГБ,GeForce MX,M230,2 ГБ,(NX.HEDER.03A)
s248,Ноутбук Asus S530FN-BQ050T,253490,Asus,Ноутбуки,Нет в наличии,87533,"15,6″ - 39,62 см",Windows 10,Intel® Core™ i5-8265U,1.6 ГГц,8 ГБ,SSD,256 Гб,GeForce MX,MX150,2 ГБ,
s249,Ноутбук Lenovo Ideapad S145-15IWL (81MV00RCRK),263990,Lenovo,Ноутбуки,Нет в наличии,392609,"15,6″ - 39,62 см",Windows 10 Home,Intel® Core™ i5-8265U,1.6 ГГц,8 ГБ,HDD,1 ТБ,GeForce MX,MX 110,2 ГБ,(81MV00RCRK)
s250,"Ультрабук Apple MacBook Air 13"" i5 1,6/8Gb/256GB SSD Silver (MVFL2)",585890,Apple,Ноутбуки,Нет в наличии,371611,"13″ - 33,02 см",MacOS X,Intel® Core™ i5-8210Y,1.6 ГГц,8 ГБ,SSD,256 Гб,Intel UHD Graphics,617,SMA (выделяется из операт. памяти),(MVFL2)
s251,Ноутбук Acer Aspire 3 A315-42 (NX.HF9ER.019),159990,Acer,Ноутбуки,Нет в наличии,467402,"15,6″ - 39,62 см",Linux,AMD Athlon II 300U,2.4 ГГц,4 ГБ,HDD,500 Гб,Radeon RX,Vega 3,,(NX.HF9ER.019)
s252,"Ультрабук Apple Macbook Pro 15″ Touch Bar i7 2,6/16/256SSD Space Gray (MV902)",899990,Apple,Ноутбуки,Нет в наличии,306398,"15,4″ - 39,12 см",MacOS X,Intel® Core™ i7-9750H,2.6 ГГц,16 ГБ,SSD,256 Гб,Radeon Pro,555X,4 ГБ,(MV902)
s253,"Ноутбук Apple MacBook Pro Touch Bar 15.4″ i7 2,6/16/RX560/512SSD Silver (MR972)",1199990,Apple,Ноутбуки,Нет в наличии,81126,"15,4″ - 39,12 см",macOS High Sierra,Intel® Core™ i7-8850H,2.6 ГГц,16 ГБ,SSD,512 ГБ,Radeon Pro,560X,4 ГБ,(MR972)
s254,Ноутбук Lenovo Ideapad S145-15IWL (81MV0115RK),174590,Lenovo,Ноутбуки,Нет в наличии,392608,"15,6″ - 39,62 см",Windows 10 Home,Intel® Core™ i3-8145U,2.1 ГГц,8 ГБ,HDD,1 ТБ,GeForce MX,MX 110,2 ГБ,(81MV0115RK)
s255,Ноутбук Acer AS5745G-434G50Mi,102990,Acer,Ноутбуки,Нет в наличии,44261,"15,6″ - 39,62 см",Windows,Intel® Core™ i5-2430M,2.26 ГГц,4 ГБ,HDD,500 Гб,GeForce GT,330M,1 ГБ,
s256,Ноутбук ASUS Laptop 15 M509D R381TUN (90NB0P51-M01550),179990,Asus,Ноутбуки,Нет в наличии,459821,"15,6″ - 39,62 см",DOS,AMD Ryzen 3 3200U,2.6 ГГц,8 ГБ,HDD,1 ТБ,Radeon Vega 3,,,(90NB0P51-M01550)
s257,"Ноутбук Apple MacBook Pro Touch Bar 13.3″ i5 2,3/8Gb/512SSD Space Grey (MR9R2)",860090,Apple,Ноутбуки,Нет в наличии,81448,"13,3″ - 33,78 см",macOS High Sierra,Intel® Core™ i5-8259U,2.4 ГГц,8 ГБ,SSD,512 ГБ,Iris Plus Graphics,655,SMA (выделяется из операт. памяти),(MR9R2)
s258,Ноутбук Acer Nitro 5 AN515-43 R5161T5SGN (NH.Q6ZER.00E),399990,Acer,Ноутбуки,Нет в наличии,459773,"15,4″ - 39,12 см",DOS,AMD Ryzen 5 3550H,2.1 ГГц,16 ГБ,HDD + SSD,HDD 1 ТБ + SSD 512 ГБ,GeForce GTX,1650 Super,4 ГБ,(NH.Q6ZER.00E)
s259,Ноутбук Asus ROG Strix G531G 90NR01L3-M12880,379990,Asus,Ноутбуки,Нет в наличии,456817,"14″ - 35,56 см",DOS,Intel® Core™ i5-9300H,2.4 ГГц,16 ГБ,,,GeForce GFX,1650 Super,4 ГБ,
s260,Ноутбук Acer Aspire 3 A315-42G R581TMW (NX.HF8ER.038),279990,Acer,Ноутбуки,Нет в наличии,459770,"15,6″ - 39,62 см",Windows 10,AMD Ryzen 5 3500U,2.1 ГГц,8 ГБ,HDD,1 ТБ,Radeon,540X,2 ГБ,(NX.HF8ER.038)
s261,Ноутбук Acer Aspire 3 A315-42G R381TMN (NX.HF8ER.02P),219990,Acer,Ноутбуки,Нет в наличии,459769,"15,6″ - 39,62 см",DOS,AMD Ryzen 3 3200U,2.6 ГГц,8 ГБ,HDD,1 ТБ,Radeon,540X,2 ГБ,(NX.HF8ER.02P)
s262,"Ультрабук Apple Macbook Pro 15″ Touch Bar i9 2,3/16/512SSD Silver (MV932)",1399990,Apple,Ноутбуки,Нет в наличии,306401,"15,4″ - 39,12 см",MacOS X,Intel® Core™ i9-9880H,2.3 ГГц,16 ГБ,SSD,512 ГБ,Radeon Pro,560X,4 ГБ,(MV932)
s263,Ноутбук Lenovo Yoga 530-14IKB (81EK00QKRU),239990,Lenovo,Ноутбуки,Нет в наличии,87208,"14″ - 35,56 см",Windows 10 Home,‎Intel® Core™ i3-7020U,2.3 ГГц,4 ГБ,SSD,,Intel HD Graphics,620,,(81EK00QKRU)
s264,"Ультрабук Apple Macbook Pro 15"" Touch Bar i9 2,3/16/512SSD Space Grey (MV912",1449990,Apple,Ноутбуки,Нет в наличии,306400,"15,4″ - 39,12 см",MacOS X,Intel® Core™ i9-9880H,2.3 ГГц,16 ГБ,SSD,512 ГБ,Radeon Pro,560X,,(MV912)
s265,Ноутбук Lenovo IdeaPad S145 I341TUW (81W800KNRK),219990,Lenovo,Ноутбуки,Нет в наличии,463067,"15,6″ - 39,62 см",Windows 10,Intel® Core™ i3 1005G1,1.2 ГГц,4 ГБ,HDD,1 ТБ,Intel UHD Graphics,630M,SMA (выделяется из операт. памяти),(81W800KNRK)
s266,Ноутбук Acer Aspire 3 A315-23G-R029 A85MW (NX.HVRER.00F),199990,Acer,Ноутбуки,Нет в наличии,462659,"15,6″ - 39,62 см",Windows 10,AMD Athlon™ Silver 3050U,2.3 ГГц,8 ГБ,SSD,512 ГБ,Radeon,540X,2 ГБ,(NX.HVRER.00F)
s267,Ноутбук Acer Swift 3 SF314-54 I342UW (NX.GXZER.007),219990,Acer,Ноутбуки,Нет в наличии,452820,"14″ - 35,56 см",Windows 10,Intel® Core™ i3-8130U,2.2 ГГц,4 ГБ,SSD,256 Гб,Intel UHD Graphics,620,,(NX.GXZER.007)
s268,"Ультрабук Apple Macbook Pro 13 Touch Bar i5 2,4/8/256SSD Silver (MV992)",949990,Apple,Ноутбуки,Нет в наличии,306403,"13,3″ - 33,78 см",MacOS X,Intel® Core™ i5-8279U,2.4 ГГц,8 ГБ,SSD,256 Гб,Iris Plus Graphics,655,SMA (выделяется из операт. памяти),(MV992)
s269,Ноутбук Asus ROG Strix G512L I7161TSGN (90NR04D1-M03840),599990,Asus,Ноутбуки,Нет в наличии,474555,"15,6″ - 39,62 см",DOS,Intel® Core™ i7-10750H,2.6 ГГц,16 ГБ,SSD,1 ТБ,GeForce RTX,2060,6 ГБ,(90NR04D1-M03840)
s270,Ноутбук Acer Swift 3 SF314-54 I382UW (NX.GXZER.001),219990,Acer,Ноутбуки,Нет в наличии,452819,"14″ - 35,56 см",Windows 10,Intel® Core™ i3-8130U,2.2 ГГц,8 ГБ,SSD,256 Гб,,,,(NX.GXZER.001)
s271,Ноутбук Asus Laptops 15 X509JA-EJ062 I341TUN (90NB0QE1-M13580),179990,Asus,Ноутбуки,Нет в наличии,467034,"15,6″ - 39,62 см",DOS,Intel® Core™ i3 1005G1,1.2 ГГц,4 ГБ,HDD,1 ТБ,Intel UHD Graphics,,,(90NB0QE1-M13580)
s272,Ноутбук Lenovo IdeaPad 3 15ADA05 (81W100RBRK),154990,Lenovo,Ноутбуки,Нет в наличии,473361,"15,6″ - 39,62 см",Windows 10,AMD Athlon™ Silver 3050U,2.3 ГГц,4 ГБ,HDD,1 ТБ,Radeon,Vega 3,,(81W100RBRK)
s273,Ноутбук Acer Aspire 3 A315-56-37KC I345UN (NX.HS5ER.018),179990,Acer,Ноутбуки,Нет в наличии,462663,"15,6″ - 39,62 см",DOS,Intel® Core™ i3 1005G1,1.2 ГГц,4 ГБ,SSD,512 ГБ,Intel UHD Graphics,,,(NX.HS5ER.018)
s274,Ноутбук Acer Aspire 3 A315-56-37Y1 I341TUW (NX.HS5ER.00R),189990,Acer,Ноутбуки,Нет в наличии,462664,"15,6″ - 39,62 см",Windows 10,Intel® Core™ i3 1005G1,1.2 ГГц,4 ГБ,HDD,1 ТБ,Intel UHD Graphics,,,(NX.HS5ER.00R)
s275,Ноутбук Asus Laptop 15 X509J I341TUN (90NB0QE1-M14800),219990,Asus,Ноутбуки,Нет в наличии,463044,"15,6″ - 39,62 см",DOS,Intel® Core™ i3 1005G1,1.2 ГГц,4 ГБ,HDD,1 ТБ,Intel UHD Graphics,,,(90NB0QE1-M14800)
s276,Ноутбук Acer Aspire 3 A315-54K I341TUW (NX.HEEER.01T),209990,Acer,Ноутбуки,Нет в наличии,459772,"15,6″ - 39,62 см",Windows 10,Intel® Core™ i3-8145U,2.1 ГГц,4 ГБ,HDD,1 ТБ,Intel UHD Graphics,,,(NX.HEEER.01T)
s277,Ноутбук Acer Aspire 3 A315-55G I341TMW (NX.HEHER.01G),222990,Acer,Ноутбуки,Нет в наличии,452818,"15,6″ - 39,62 см",Windows 10,‎Intel® Core™ i3-7020U,2.3 ГГц,4 ГБ,HDD,1 ТБ,GeForce MX,130,2 ГБ,(NX.HEHER.01G)
