LED телевизор Samsung UE43T5300AUXCE,159190,Samsung,454067,Все телевизоры,"43″ - 109,2 см",1920х1080 (FullHD),16:9,Прямой,Edge LED,Да,Есть (встроенный),Нет
LED телевизор Samsung UE55TU7100UXCE,228990,Samsung,459730,Все телевизоры,"55″ - 139,7см",3840x2160 (4K UHD),16:9,Прямой,Edge LED,Да,Есть (встроенный),Нет
LED телевизор Samsung UE50TU7100UXCE,198990,Samsung,460806,Все телевизоры,50″ - 127 см,3840x2160 (4K UHD),16:9,Прямой,Edge LED,Да,Есть (встроенный),Нет
QLED телевизор Samsung QE50Q60TAUXCE,299090,Samsung,459722,Все телевизоры,50″ - 127 см,3840x2160 (4K UHD),16:9,Прямой,QLED,Да,Есть (встроенный),Нет
QLED телевизор Samsung QE55Q60TAUXCE,349090,Samsung,459721,Все телевизоры,"55″ - 139,7см",3840x2160 (4K UHD),16:9,Прямой,QLED,Да,Есть (встроенный),Нет
LED телевизор Sony KDL32WD603,129990,Sony,67880,Все телевизоры,"32″ - 81,3 см",1366x768 (HD),16:9,Прямой,LED,Да,Есть (встроенный),Нет
LED телевизор Sony KDL40WD653,169990,Sony,68685,Все телевизоры,"40″ - 101,6 см",1920х1080 (FullHD),16:9,Прямой,LED,Да,Есть (встроенный),Нет
LED телевизор Haier LE24K6000S,54990,Haier,78457,Все телевизоры,24″ - 61 см,1366x768 (HD),16:9,Прямой,Direct,Нет,Нет,Нет
LED телевизор Xiaomi 4A 32 Global L32M5-5ARU,84990,Xiaomi,436000,Все телевизоры,"32″ - 81,3 см",1366x768 (HD),16:9,Прямой,LED,Да,Есть (встроенный),Нет
LED телевизор Xiaomi 4S Global L55M5-5A,209990,Xiaomi,440305,Все телевизоры,"55″ - 139,7см",3840x2160 (4K UHD),16:9,Прямой,LED,Да,Есть (встроенный),Нет
LED TV LG 43LM5700PLA,154990,LG,308824,Все телевизоры,"43″ - 109,2 см",1920х1080 (FullHD),,,LED,Да,Есть (встроенный),
LED телевизор Philips 50PUS7303/60,209990,Philips,306220,Все телевизоры,50″ - 127 см,3840x2160 (4K UHD),16:9,Прямой,Direct,Да,Есть (встроенный),Нет
LED телевизор Philips 50PUS6704/60,179990,Philips,361389,Все телевизоры,50″ - 127 см,3840x2160 (4K UHD),16:9,Прямой,Direct,Да,Есть (встроенный),Нет
LED телевизор Haier LE24K6500SA,69990,Haier,293743,Все телевизоры,24″ - 61 см,1366x768 (HD),16:9,Прямой,Direct,Да,Есть (встроенный),
"LED телевизор Xiaomi 4S 43"" Global L43M5-5A",144990,Xiaomi,440304,Все телевизоры,"43″ - 109,2 см",3840x2160 (4K UHD),16:9,Прямой,LED,Да,Есть (встроенный),Нет
LED телевизор Samsung UE32N4500AUXCE,119990,Samsung,81641,Все телевизоры,"32″ - 81,3 см",1366x768 (HD),16:9,,LED,Да,Есть (встроенный),
LED телевизор ARG LD32C35GS358,59990,ARG,328341,Все телевизоры,"31,5″ - 80 см",1366x768 (HD),16:9,Прямой,Direct,Да,Есть (встроенный),Нет
LED телевизор Haier LE43K6000SF,114990,Haier,78460,Все телевизоры,"43″ - 109,2 см",1920х1080 (FullHD),16:9,Прямой,Direct,Нет,Нет,Нет
LED телевизор Sony KDL50WF665BR,219990,Sony,304218,Все телевизоры,50″ - 127 см,1920х1080 (FullHD),,,Edge LED,Да,Есть (встроенный),
LED телевизор Haier LE32K6500SA,79990,Haier,293744,Все телевизоры,"32″ - 81,3 см",1366x768 (HD),16:9,Прямой,Direct,Да,Есть (встроенный),Нет
LED телевизор Haier LE32K6000S,69990,Haier,78458,Все телевизоры,"32″ - 81,3 см",1366x768 (HD),16:9,Прямой,Direct,Нет,Нет,Нет
LED телевизор LG 32LM570BPLA,119990,LG,368889,Все телевизоры,"32″ - 81,3 см",1366x768 (HD),16:9,Прямой,Direct,Да,Есть (встроенный),Нет
LED телевизор LG 55UM7300PLB,234990,LG,308816,Все телевизоры,"55″ - 139,7см",3840x2160 (4K UHD),16:9,Прямой,LED,Да,Есть (встроенный),Нет
QLED TV Samsung QE65Q9FAMUXCE,1124990,Samsung,72378,Все телевизоры,"65″ -165,1 см",3840x2160 (4K UHD),16:9,Прямой,LED,Да,Есть (встроенный),Нет
LED телевизор ARG LD40C35GS358,89990,ARG,328342,Все телевизоры,"40″ - 101,6 см",1920х1080 (FullHD),16:9,Прямой,Direct,Да,Есть (встроенный),Нет
LED телевизор Philips 55PUS7303/60,259990,Philips,306221,Все телевизоры,"55″ - 139,7см",3840x2160 (4K UHD),16:9,Прямой,Direct,Да,Есть (встроенный),Нет
OLED телевизор LG OLED55B8PLA,399990,LG,304625,Все телевизоры,"55″ - 139,7см",3840x2160 (4K UHD),16:9,,Direct,Да,Есть (встроенный),
LED телевизор Samsung UE55RU7200UXCE,229990,Samsung,361380,Все телевизоры,"55″ - 139,7см",3840x2160 (4K UHD),16:9,Прямой,LED,Да,Есть (встроенный),Нет
LED телевизор Haier LE43K6500SA,129990,Haier,293745,Все телевизоры,"43″ - 109,2 см",1920х1080 (FullHD),16:9,Прямой,Direct,Да,Есть (встроенный),Нет
LED телевизор ARG LD43C35GS358,109990,ARG,328343,Все телевизоры,"43″ - 109,2 см",1920х1080 (FullHD),16:9,Прямой,Direct,Да,Есть (встроенный),Нет
LED телевизор LG 43UN73506LB,194990,LG,459817,Все телевизоры,"43″ - 109,2 см",3840x2160 (4K UHD),16:9,Прямой,LED,Да,Есть (встроенный),Нет
QLED 8K телевизор Samsung QE98Q900RBUXCE,18999990,Samsung,303725,Все телевизоры,"98″ - 248,92 см",7680x4320(8K),16:9,Прямой,QLED,Да,Есть (встроенный),Нет
LED TV Philips 32PHS5034/60,69990,Philips,442828,Все телевизоры,"32″ - 81,3 см",1366x768 (HD),16:9,Direct,,Нет,Нет,Нет
LED телевизор Sony KD75XE9405BR2,1299990,Sony,72740,Все телевизоры,"75″ - 190,5 см",3840x2160 (4K UHD),16:9,Прямой,LED,Да,Есть (встроенный),Нет
LED телевизор Samsung UE55TU8000UXCE,248990,Samsung,459728,Все телевизоры,"55″ - 139,7см",3840x2160 (4K UHD),16:9,Прямой,Edge LED,Да,Есть (встроенный),Нет
LED телевизор Samsung UE32T4500AUXCE,119190,Samsung,459731,Все телевизоры,"32″ - 81,3 см",1366x768 (HD),16:9,Прямой,Edge LED,Да,Есть (встроенный),Нет
LED телевизор Philips 43PFS4062/60,114990,Philips,79625,Все телевизоры,"43″ - 109,2 см",1920х1080 (FullHD),16:9,,LED,Нет,,
LED телевизор ARG LD32A6000,44990,ARG,455636,Все телевизоры,"32″ - 81,3 см",1366x768 (HD),,Прямой,LED,Нет,Нет,Нет
LED TV Blaupunkt 40FB865,79990,Blaupunkt,355848,Все телевизоры,"40″ - 101,6 см",1920х1080 (FullHD),,,Direct,Нет,Нет,Нет
QLED 8K TV Samsung QE82Q900RBUXCE,3499990,Samsung,303506,Все телевизоры,"82″ - 208,3 см",7680x4320(8K),16:9,Прямой,QLED,Да,Есть (встроенный),Нет
LED телевизор LG 75UM7090PLA,429990,LG,398021,Все телевизоры,"75″ - 190,5 см",3840x2160 (4K UHD),16:9,,LED,Да,Есть (встроенный),Нет
LED телевизор Samsung UE70TU7100UXCE,389990,Samsung,460245,Все телевизоры,"70″ - 177,8 см",3840x2160 (4K UHD),16:9,Прямой,Edge LED,Да,Есть (встроенный),Нет
LED телевизор LG 50UM7450PLA,189990,LG,308817,Все телевизоры,50″ - 127 см,3840x2160 (4K UHD),LED,,,Да,Есть (встроенный),
LED телевизор Philips 65PUS7303/60,399990,Philips,306222,Все телевизоры,"65″ -165,1 см",3840x2160 (4K UHD),16:9,Прямой,Direct,Да,Есть (встроенный),Нет
QLED телевизор Samsung QE43Q60TAUXCE,244090,Samsung,460807,Все телевизоры,"43″ - 109,2 см",3840x2160 (4K UHD),16:9,Прямой,QLED,Да,Есть (встроенный),Нет
LED телевизор Haier LE65Q6500U,319990,Haier,78342,Все телевизоры,"65″ -165,1 см",3840x2160 (4K UHD),16:9,Изогнутый,Direct,Да,Есть (встроенный),
LED телевизор Haier LE65K6500U,299990,Haier,78341,Все телевизоры,"65″ -165,1 см",3840x2160 (4K UHD),16:9,Прямой,Direct,Да,Есть (встроенный),Нет
Nanocell телевизор LG 55SM8050PLC,299990,LG,436965,Все телевизоры,"55″ - 139,7см",3840x2160 (4K UHD),16:9,Прямой,LED,Да,Есть (встроенный),Нет
QLED телевизор Samsung QE55Q70TAUXCE,419090,Samsung,459801,Все телевизоры,"55″ - 139,7см",3840x2160 (4K UHD),16:9,Прямой,QLED,Да,Есть (встроенный),Нет
LED телевизор Samsung UE50TU8000UXCE,218990,Samsung,460504,Все телевизоры,50″ - 127 см,3840x2160 (4K UHD),16:9,Прямой,Edge LED,Да,Есть (встроенный),Нет
LED телевизор Haier LE55U6900UG,209990,Haier,436002,Все телевизоры,"55″ - 139,7см",3840x2160 (4K UHD),16:9,Прямой,Direct,Да,Есть (встроенный),Нет
LED телевизор Samsung UE65TU7100UXCE,329090,Samsung,459729,Все телевизоры,"65″ -165,1 см",3840x2160 (4K UHD),16:9,Прямой,Edge LED,Да,Есть (встроенный),Нет
QLED Sero TV Samsung QE43LS05TAUXCE,599090,Samsung,463379,Все телевизоры,"43″ - 109,2 см",3840x2160 (4K UHD),16:9,Прямой,QLED,Да,Есть (встроенный),Нет
LED телевизор LG 50UN73506LB,214990,LG,459815,Все телевизоры,50″ - 127 см,3840x2160 (4K UHD),16:9,Прямой,LED,Да,Есть (встроенный),Нет
LED TV Philips 50PUS6523,174990,Philips,398022,Все телевизоры,50″ - 127 см,3840x2160 (4K UHD),16:9,Прямой,Direct,Да,Есть (встроенный),Нет
Nanocell телевизор LG 49SM8050,259990,LG,436966,Все телевизоры,"49″ - 124,5 см",3840x2160 (4K UHD),16:9,Прямой,LED,Да,Есть (встроенный),Нет
LED телевизор Samsung UE50TU8500UXCE,238990,Samsung,459725,Все телевизоры,50″ - 127 см,3840x2160 (4K UHD),16:9,Прямой,Edge LED,Да,Есть (встроенный),Нет
LED телевизор Philips 43PFS5813/60,139990,Philips,306219,Все телевизоры,"43″ - 109,2 см",1920х1080 (FullHD),16:9,,Direct,Да,Есть (встроенный),
LED телевизор ARG LD32A6500,54990,ARG,455637,Все телевизоры,"32″ - 81,3 см",1366x768 (HD),16:9,Прямой,LED,Да,Есть (встроенный),
LED TV Philips 43PFS5034/60,114990,Philips,456848,Все телевизоры,"43″ - 109,2 см",1920х1080 (FullHD),16:9,Прямой,Direct,Нет,Нет,Нет
QLED телевизор Samsung QE65Q60TAUXCE,499090,Samsung,459720,Все телевизоры,"65″ -165,1 см",3840x2160 (4K UHD),16:9,Прямой,QLED,Да,Есть (встроенный),Нет
QLED телевизор Samsung QE65Q70RAUXCE,449990,Samsung,302462,Все телевизоры,"65″ -165,1 см",3840x2160 (4K UHD),,,QLED,Да,Есть (встроенный),
LED телевизор Sony KDL43WF665BR,189990,Sony,80818,Все телевизоры,"43″ - 109,2 см",1920х1080 (FullHD),,,LED,Да,Есть (встроенный),
LED телевизор LG 65SM8600PLA,429990,LG,308804,Все телевизоры,"65″ -165,1 см",3840x2160 (4K UHD),,,LED,Да,Есть (встроенный),
LED телевизор Samsung UE43TU7100UXCE,182890,Samsung,459961,Все телевизоры,"43″ - 109,2 см",3840x2160 (4K UHD),16:9,Прямой,Edge LED,Да,Есть (встроенный),Нет
LED телевизор Sony KDL49WF805BR,279990,Sony,80839,Все телевизоры,"49″ - 124,5 см",1920х1080 (FullHD),16:9,,LED,,Есть (встроенный),
LED телевизор LG 55UN73506LB,239990,LG,459812,Все телевизоры,"55″ - 139,7см",3840x2160 (4K UHD),16:9,Прямой,LED,Да,Есть (встроенный),Нет
NanoCell телевизор LG 65SM8050PLC,429990,LG,436964,Все телевизоры,"65″ -165,1 см",3840x2160 (4K UHD),16:9,Прямой,LED,Да,Есть (встроенный),Нет
LED телевизор Samsung UE55TU8500UXCE,268990,Samsung,459724,Все телевизоры,"55″ - 139,7см",3840x2160 (4K UHD),16:9,Прямой,Edge LED,Да,Есть (встроенный),Нет
OLED телевизор LG OLED65GXRLA,1499990,LG,464030,Все телевизоры,"65″ -165,1 см",3840x2160 (4K UHD),16:9,Прямой,OLED,Да,Есть (встроенный),Нет
LED телевизор Samsung UE55TU7500UXCE,228990,Samsung,463380,Все телевизоры,"55″ - 139,7см",3840x2160 (4K UHD),16:9,Прямой,LED,Да,Есть (встроенный),Нет
Nanocell TV LG 75NANO996NA,1999990,LG,462384,Все телевизоры,"75″ - 190,5 см",7680x4320(8K),16:9,Прямой,LED,Да,Есть (встроенный),Нет
LED телевизор Samsung UE75TU7500UXCE,459090,Samsung,460527,Все телевизоры,"75″ - 190,5 см",3840x2160 (4K UHD),16:9,Прямой,Edge LED,Да,Есть (встроенный),Нет
LED телевизор ARG LD50C35GS5522S,139990,ARG,393638,Все телевизоры,50″ - 127 см,3840x2160 (4K UHD),,,LED,Да,,Нет
LED телевизор Samsung UE43TU8500UXCE,209090,Samsung,459726,Все телевизоры,"43″ - 109,2 см",3840x2160 (4K UHD),16:9,Прямой,Edge LED,Да,Есть (встроенный),Нет
LED телевизор Sony KDL43WF805BR,249990,Sony,80817,Все телевизоры,"43″ - 109,2 см",1920х1080 (FullHD),16:9,,LED,,Есть (встроенный),
LED телевизор Hisense H43A6500,129990,Hisense,78571,Все телевизоры,"43″ - 109,2 см",3840x2160 (4K UHD),16:9,,LED,Да,Есть (встроенный),
LED телевизор Samsung UE65TU8000UXCE,339090,Samsung,459727,Все телевизоры,"65″ -165,1 см",3840x2160 (4K UHD),16:9,Прямой,Edge LED,Да,Есть (встроенный),Нет
LED телевизор Samsung UE75TU7100UXCE,439990,Samsung,460502,Все телевизоры,"75″ - 190,5 см",3840x2160 (4K UHD),16:9,Прямой,Edge LED,Да,Есть (встроенный),Нет
LED телевизор LG 65SM8200PLA,429990,LG,308805,Все телевизоры,"65″ -165,1 см",3840x2160 (4K UHD),,,LED,Да,Есть (встроенный),
LED телевизор LG 49UN71006LB,209990,LG,459816,Все телевизоры,"49″ - 124,5 см",3840x2160 (4K UHD),,Прямой,LED,Да,Есть (встроенный),Нет
LED телевизор ARG LD40А6500,89990,ARG,455638,Все телевизоры,"40″ - 101,6 см",1920х1080 (FullHD),16:9,Прямой,LED,Да,Есть (встроенный),
LED телевизор Samsung UE43TU7500UXCE,183990,Samsung,462630,Все телевизоры,"43″ - 109,2 см",3840x2160 (4K UHD),16:9,Прямой,Edge LED,Да,Есть (встроенный),Нет
QLED телевизор Samsung QE65Q70TAUXCE,549090,Samsung,459718,Все телевизоры,"65″ -165,1 см",3840x2160 (4K UHD),16:9,Прямой,QLED,Да,Есть (встроенный),Нет
LED телевизор Samsung UE50TU7500UXCE,203990,Samsung,460507,Все телевизоры,50″ - 127 см,3840x2160 (4K UHD),16:9,Прямой,LED,Да,Есть (встроенный),Нет
LED телевизор Hisense H65U7A,319990,Hisense,74000,Все телевизоры,"65″ -165,1 см",3840x2160 (4K UHD),16:9,,LED,Да,Есть (встроенный),
QLED телевизор Samsung QE75Q9FNAUXCE,999990,Samsung,80524,Все телевизоры,"75″ - 190,5 см",3840x2160 (4K UHD),16:9,,,Да,Есть (встроенный),Да
QLED телевизор Samsung QE49Q80TAUXCE,327790,Samsung,467446,Все телевизоры,"49″ - 124,5 см",3840x2160 (4K UHD),16:9,Прямой,QLED,Да,Есть (встроенный),
OLED телевизор LG OLED65B8PLA,749990,LG,86610,Все телевизоры,"65″ -165,1 см",3840x2160 (4K UHD),16:9,,OLED,Да,Есть (встроенный),
LED телевизор LG 82UM7650PLA,799990,LG,308810,Все телевизоры,"82″ - 208,3 см",3840x2160 (4K UHD),16:9,,LED,Да,Есть (встроенный),Нет
LED телевизор Sony KD65XG7096BR(2),454690,Sony,306041,Все телевизоры,"65″ -165,1 см",3840x2160 (4K UHD),,Прямой,Direct,Да,Есть (встроенный),
OLED телевизор Sony KD55AG8BR2,749990,Sony,306045,Все телевизоры,"55″ - 139,7см",3840x2160 (4K UHD),,,OLED,Да,Есть (встроенный),Нет
LED телевизор Samsung UE43TU8000UXCE,199990,Samsung,460505,Все телевизоры,"43″ - 109,2 см",3840x2160 (4K UHD),16:9,Прямой,Edge LED,Да,Есть (встроенный),Нет
LED телевизор Philips 43PUS7505,139990,Philips,464408,Все телевизоры,"43″ - 109,2 см",3840x2160 (4K UHD),16:9,Прямой,Direct,Да,Есть (встроенный),
LED телевизор LG 55UN81006LB,264990,LG,459811,Все телевизоры,"55″ - 139,7см",3840x2160 (4K UHD),16:9,Прямой,LED,Да,Есть (встроенный),Нет
OLED телевизор LG OLED55CXRLA,799990,LG,463449,Все телевизоры,"55″ - 139,7см",3840x2160 (4K UHD),16:9,Прямой,OLED,Да,Есть (встроенный),Нет
OLED телевизор LG OLED65CXRLA,1299990,LG,462387,Все телевизоры,"65″ -165,1 см",3840x2160 (4K UHD),16:9,Прямой,OLED,Да,Есть (встроенный),Нет
LED телевизор ARG LD40A6000,79990,ARG,440286,Все телевизоры,"40″ - 101,6 см",1920х1080 (FullHD),16:9,Прямой,LED,Нет,Нет,Нет
LED телевизор Samsung UE65TU8500UXCE,359090,Samsung,459723,Все телевизоры,"65″ -165,1 см",3840x2160 (4K UHD),16:9,Прямой,Edge LED,Да,Есть (встроенный),Нет
QLED телевизор Samsung QE65Q80TAUXCE,699090,Samsung,459716,Все телевизоры,"65″ -165,1 см",3840x2160 (4K UHD),16:9,Прямой,QLED,Да,Есть (встроенный),Нет
LED телевизор ARG LD50А6500,119990,ARG,455641,Все телевизоры,50″ - 127 см,1920х1080 (FullHD),16:9,Прямой,LED,Да,Есть (встроенный),
LED телевизор LG 65UN73506LB,329990,LG,459808,Все телевизоры,"65″ -165,1 см",3840x2160 (4K UHD),16:9,Прямой,LED,Да,Есть (встроенный),Нет
LED телевизор LG 55UN74006LA,249990,LG,460540,Все телевизоры,"55″ - 139,7см",3840x2160 (4K UHD),16:9,Прямой,LED,Да,Есть (встроенный),Нет
QLED телевизор Samsung QE75Q60TAUXCE,649990,Samsung,459719,Все телевизоры,"75″ - 190,5 см",3840x2160 (4K UHD),16:9,Прямой,QLED,Да,Есть (встроенный),Нет
LED телевизор ARG LD43C35GS5522S,129990,ARG,393637,Все телевизоры,"43″ - 109,2 см",3840x2160 (4K UHD),LED,,,Да,,Нет
Nanocell телевизор LG 55NANO816NA,329990,LG,459810,Все телевизоры,"55″ - 139,7см",3840x2160 (4K UHD),16:9,Прямой,LED,Да,Есть (встроенный),Нет
LED телевизор LG 32LM550BPLB,84990,LG,468953,Все телевизоры,"32″ - 81,3 см",1366x768 (HD),16:9,Прямой,LED,Нет,Нет,Нет
LED телевизор Haier LE50U6900UG,199990,Haier,436001,Все телевизоры,50″ - 127 см,3840x2160 (4K UHD),16:9,Прямой,Direct,Да,Есть (встроенный),Нет
LED телевизор Samsung UE75TU8000UXCE,519090,Samsung,460244,Все телевизоры,"75″ - 190,5 см",3840x2160 (4K UHD),16:9,Прямой,Edge LED,Да,Есть (встроенный),Нет
LED телевизор Elenberg LD43A17GS638,119990,Elenberg,80857,Все телевизоры,"43″ - 109,2 см",3840x2160 (4K UHD),16:9,,LED,Да,,Нет
QLED телевизор Samsung Frame QE55LS03TAUXCE,499090,Samsung,460259,Все телевизоры,"55″ - 139,7см",3840x2160 (4K UHD),16:9,Прямой,QLED,Да,Есть (встроенный),Нет
LED телевизор Haier LE65U6900UG,299990,Haier,436003,Все телевизоры,"65″ -165,1 см",3840x2160 (4K UHD),16:9,Прямой,Direct,Да,Есть (встроенный),Нет
LED телевизор LG 70UN73506LB,379990,LG,459805,Все телевизоры,"70″ - 177,8 см",3840x2160 (4K UHD),16:9,Прямой,LED,Да,Есть (встроенный),Нет
LED телевизор LG 43UN74006LA,199990,LG,460538,Все телевизоры,"43″ - 109,2 см",3840x2160 (4K UHD),16:9,Прямой,LED,Да,Есть (встроенный),Нет
LED телевизор Samsung UE65TU7500UXCE,328990,Samsung,460506,Все телевизоры,"65″ -165,1 см",3840x2160 (4K UHD),16:9,Прямой,LED,Да,Есть (встроенный),Нет
LED телевизор Kivi 40F500GR,84890,Kivi,420950,Все телевизоры,"40″ - 101,6 см",1920х1080 (FullHD),,,Direct,Нет,Нет,Нет
LED телевизор LG 75UM7110PLB,399990,LG,308811,Все телевизоры,"75″ - 190,5 см",3840x2160 (4K UHD),,,LED,Да,Есть (встроенный),
LED телевизор LG 43UN71006LB,189990,LG,459818,Все телевизоры,"43″ - 109,2 см",3840x2160 (4K UHD),16:9,Прямой,LED,Да,Есть (встроенный),Нет
QLED телевизор Samsung QE65Q800TAUXCE,1399990,Samsung,459714,Все телевизоры,"65″ -165,1 см",7680x4320(8K),16:9,Прямой,QLED,Да,Есть (встроенный),Нет
LED телевизор LG 50UN81006LB,229990,LG,459814,Все телевизоры,50″ - 127 см,3840x2160 (4K UHD),16:9,Прямой,LED,Да,Есть (встроенный),Нет
LED TV Philips 70PUS6774,359990,Philips,414646,Все телевизоры,"70″ - 177,8 см",3840x2160 (4K UHD),,,Direct,Да,Есть (встроенный),Нет
QLED телевизор Samsung QE75Q800TAUXCE,2099990,Samsung,459713,Все телевизоры,"75″ - 190,5 см",7680x4320(8K),16:9,Прямой,QLED,Да,Есть (встроенный),Нет
LED телевизор LG 50UN74006LA,219990,LG,460541,Все телевизоры,50″ - 127 см,3840x2160 (4K UHD),16:9,Прямой,LED,Да,Есть (встроенный),Нет
LED телевизор Sony KD55XH8096BR,379990,Sony,464220,Все телевизоры,"55″ - 139,7см",3840x2160 (4K UHD),16:9,Прямой,Edge LED,Да,Есть (встроенный),Нет
QLED телевизор Samsung QE49LS01TAUXRU,419090,Samsung,460262,Все телевизоры,"49″ - 124,5 см",3840x2160 (4K UHD),16:9,Прямой,QLED,Да,Есть (встроенный),Нет
QLED телевизор Samsung QE43LS01TAUXRU,349090,Samsung,460263,Все телевизоры,"43″ - 109,2 см",3840x2160 (4K UHD),16:9,Прямой,QLED,Да,Есть (встроенный),Нет
LED телевизор LG 65UN81006LB,354990,LG,459807,Все телевизоры,"65″ -165,1 см",3840x2160 (4K UHD),16:9,Прямой,LED,Да,Есть (встроенный),Нет
LED телевизор Sony KD65XH8096BR2,569990,Sony,460173,Все телевизоры,"65″ -165,1 см",3840x2160 (4K UHD),16:9,Прямой,Edge LED,Да,Есть (встроенный),Нет
LED телевизор Sony KD75XG8096BR2,790290,Sony,304214,Все телевизоры,"75″ - 190,5 см",3840x2160 (4K UHD),Direct,,,Да,Есть (встроенный),Нет
OLED телевизор LG OLED77GXRLA,3899990,LG,464029,Все телевизоры,"77″ - 195,58 см",3840x2160 (4K UHD),16:9,Прямой,OLED,Да,Есть (встроенный),Нет
QLED телевизор Samsung QE55Q80TAUXCE,499090,Samsung,467445,Все телевизоры,"55″ - 139,7см",3840x2160 (4K UHD),16:9,Прямой,QLED,Да,Есть (встроенный),
Nanocell телевизор LG 75NANO906NA,699990,LG,459803,Все телевизоры,"75″ - 190,5 см",3840x2160 (4K UHD),16:9,Прямой,LED,Да,Есть (встроенный),Нет
LED TV Sony KD49XG7005BR,279990,Sony,390565,Все телевизоры,"49″ - 124,5 см",3840x2160 (4K UHD),16:9,,EDGE,Да,Есть (встроенный),Нет
LED телевизор Sony KD43XG7005BR,259990,Sony,390564,Все телевизоры,"43″ - 109,2 см",3840x2160 (4K UHD),,,EDGE,Да,Есть (встроенный),Нет
LED телевизор LG 65UN74006LA,339990,LG,460539,Все телевизоры,"65″ -165,1 см",3840x2160 (4K UHD),16:9,Прямой,LED,Да,Есть (встроенный),Нет
LED телевизор ERGO 55DU6510,169890,Ergo,373625,Все телевизоры,"55″ - 139,7см",3840x2160 (4K UHD),16:9,Прямой,LED,Да,Есть (встроенный),Нет
LED телевизор Samsung UE82TU8000UXCE,799090,Samsung,460503,Все телевизоры,"82″ - 208,3 см",3840x2160 (4K UHD),16:9,Прямой,Edge LED,Да,Есть (встроенный),Нет
LED телевизор Samsung UE65RU8000UXCE,469990,Samsung,302459,Все телевизоры,"65″ -165,1 см",3840x2160 (4K UHD),16:9,Прямой,LED,Да,Есть (встроенный),Нет
LED TV Blaupunkt 32WС965,69990,Blaupunkt,355847,Все телевизоры,"32″ - 81,3 см",1366x768 (HD),,,Direct,Да,Есть (встроенный),Нет
LED телевизор Kivi 55U600GR,189890,Kivi,420954,Все телевизоры,"55″ - 139,7см",3840x2160 (4K UHD),16:9,Прямой,Direct,Да,Есть (встроенный),Нет
QLED телевизор Samsung QE85Q70TAUXCE,1299990,Samsung,459717,Все телевизоры,"85″ - 215,9 см",3840x2160 (4K UHD),16:9,Прямой,QLED,Да,Есть (встроенный),Нет
LED телевизор ERGO 49DU6510,139790,Ergo,373624,Все телевизоры,"49″ - 124,5 см",3840x2160 (4K UHD),16:9,Прямой,LED,Да,Есть (встроенный),Нет
LED TV Haier 32 Smart TV BX,79990,Haier,468950,Все телевизоры,"32″ - 81,3 см",1366x768 (HD),16:9,Прямой,Direct,Да,Есть (встроенный),Нет
QLED телевизор Samsung Frame QE32LS03TAUXCE,249990,Samsung,472653,Все телевизоры,"32″ - 81,3 см",3840x2160 (4K UHD),16:9,Прямой,QLED,Да,Есть (встроенный),Нет
Nanocell телевизор LG 49NANO866NA,329990,LG,463451,Все телевизоры,"49″ - 124,5 см",3840x2160 (4K UHD),16:9,Прямой,LED,Да,Есть (встроенный),Нет
Nanocell телевизор LG 49NANO816NA,289990,LG,459813,Все телевизоры,"49″ - 124,5 см",3840x2160 (4K UHD),16:9,Прямой,LED,Да,Есть (встроенный),Нет
Nanocell телевизор LG 65NANO866NA,549990,LG,460683,Все телевизоры,"65″ -165,1 см",3840x2160 (4K UHD),16:9,Прямой,LED,Да,Есть (встроенный),Нет
LED телевизор Hisense H50U7A,179990,Hisense,78567,Все телевизоры,50″ - 127 см,3840x2160 (4K UHD),16:9,,LED,Да,Есть (встроенный),
QLED телевизор Samsung Frame QE55LS01TAUXRU,499090,Samsung,460264,Все телевизоры,"55″ - 139,7см",3840x2160 (4K UHD),16:9,Прямой,QLED,Да,Есть (встроенный),Нет
LED телевизор Kivi 65U700GR,269890,Kivi,420955,Все телевизоры,"65″ -165,1 см",3840x2160 (4K UHD),16:9,Прямой,Direct,Да,Есть (встроенный),Нет
LED телевизор LG 60UN71006LB,284990,LG,459809,Все телевизоры,"60″ - 152,4 см",3840x2160 (4K UHD),,Прямой,LED,Да,Есть (встроенный),Нет
QLED TV Samsung QE75Q90RAUXCE,1099990,Samsung,421242,Все телевизоры,"75″ - 190,5 см",3840x2160 (4K UHD),16:9,Прямой,QLED,Да,Есть (встроенный),Нет
LED TV Haier LE43K6600SG,134990,Haier,459963,Все телевизоры,"43″ - 109,2 см",1920х1080 (FullHD),16:9,Прямой,LED,Да,Есть (встроенный),Нет
LED телевизор Sony KD49XH8096BR,329990,Sony,464218,Все телевизоры,"49″ - 124,5 см",3840x2160 (4K UHD),16:9,Прямой,Edge LED,Да,Есть (встроенный),Нет
LED телевизор Xiaomi MI TV 4S 65 (L65M5-5ASP),299990,Xiaomi,470332,Все телевизоры,"65″ -165,1 см",3840x2160 (4K UHD),16:9,Прямой,LED,Да,Есть (встроенный),Нет
LED TV Samsung UE55RU8000UXCE,349990,Samsung,302454,Все телевизоры,"55″ - 139,7см",3840x2160 (4K UHD),16:9,Прямой,LED,Да,Есть (встроенный),Нет
LED телевизор LG 75UN71006LC,439990,LG,459804,Все телевизоры,"75″ - 190,5 см",3840x2160 (4K UHD),16:9,Прямой,LED,Да,Есть (встроенный),Нет
LED телевизор Sony KD55XH9505BR,649990,Sony,464221,Все телевизоры,"55″ - 139,7см",3840x2160 (4K UHD),16:9,Прямой,LED,Да,Есть (встроенный),Нет
QLED 8K телевизор Samsung QE65Q950TSUXCE,2299990,Samsung,472650,Все телевизоры,"65″ -165,1 см",7680x4320(8K),16:9,Прямой,QLED,Да,Есть (встроенный),Нет
Nanocell телевизор LG 65NANO956NA,1299990,LG,467869,Все телевизоры,"65″ -165,1 см",7680x4320(8K),16:9,Прямой,LED,Да,Есть (встроенный),Нет
Nanocell телевизор LG 55NANO866NA,414990,LG,462386,Все телевизоры,"55″ - 139,7см",3840x2160 (4K UHD),16:9,Прямой,LED,Да,Есть (встроенный),Нет
QLED 8K телевизор Samsung QE85Q950TSUXCE,4499990,Samsung,463657,Все телевизоры,"85″ - 215,9 см",7680x4320(8K),16:9,Прямой,QLED,Да,Есть (встроенный),Нет
LED телевизор Sony KD75XG8596BR2,1399990,Sony,304216,Все телевизоры,"75″ - 190,5 см",3840x2160 (4K UHD),16:9,Прямой,EDGE,Да,Есть (встроенный),
LED телевизор ARG LD50А7500,129990,ARG,455642,Все телевизоры,50″ - 127 см,3840x2160 (4K UHD),16:9,Прямой,LED,Да,Есть (встроенный),
Nanocell TV LG 65NANO816NA,479990,LG,459806,Все телевизоры,"65″ -165,1 см",3840x2160 (4K UHD),16:9,Прямой,LED,Да,Есть (встроенный),Нет
QLED телевизор Samsung Frame QE65LS03TAUXCE,749090,Samsung,460258,Все телевизоры,"65″ -165,1 см",3840x2160 (4K UHD),16:9,Прямой,QLED,Да,Есть (встроенный),Нет
LED телевизор ARG LD43А6500,99990,ARG,455639,Все телевизоры,"43″ - 109,2 см",1920х1080 (FullHD),16:9,Прямой,LED,Да,Есть (встроенный),Нет
LED TV Haier 50 Smart TV BX,159990,Haier,468951,Все телевизоры,50″ - 127 см,3840x2160 (4K UHD),16:9,Прямой,Direct,Да,Есть (встроенный),Нет
QLED телевизор Samsung QE75Q80TAUXCE,1099990,Samsung,459715,Все телевизоры,"75″ - 190,5 см",3840x2160 (4K UHD),16:9,Прямой,QLED,Да,Есть (встроенный),Нет
LED TV Blaupunkt 55UR965,239990,Blaupunkt,355856,Все телевизоры,"55″ - 139,7см",3840x2160 (4K UHD),,,Direct,Да,Есть (встроенный),Нет
QLED телевизор Samsung QE82Q800TAUXCE,2999990,Samsung,460243,Все телевизоры,"82″ - 208,3 см",7680x4320(8K),16:9,Прямой,QLED,Да,Есть (встроенный),Нет
LED телевизор Sony KD43XH8096BR,279990,Sony,464217,Все телевизоры,"43″ - 109,2 см",3840x2160 (4K UHD),16:9,Прямой,Edge LED,Да,Есть (встроенный),Нет
LED телевизор Philips 50PUS7505,184990,Philips,464422,Все телевизоры,50″ - 127 см,3840x2160 (4K UHD),16:9,Прямой,Direct,Да,Есть (встроенный),
LED TV LG 86UN85006LA,899990,LG,459802,Все телевизоры,"86″ -  218,4 см",3840x2160 (4K UHD),16:9,Прямой,LED,Да,Есть (встроенный),Нет
LED TV Toshiba 43L5865EV,159990,Toshiba,355859,Все телевизоры,"43″ - 109,2 см",1920х1080 (FullHD),16:9,Прямой,Direct,Да,Есть (встроенный),Нет
QLED телевизор Samsung QE75LS03TAUXCE,1099990,Samsung,460257,Все телевизоры,"75″ - 190,5 см",3840x2160 (4K UHD),16:9,Прямой,QLED,Да,Есть (встроенный),Нет
QLED телевизор Samsung QE85Q80TAUXCE,1599990,Samsung,472652,Все телевизоры,"85″ - 215,9 см",3840x2160 (4K UHD),16:9,Прямой,QLED,Да,Есть (встроенный),Нет
QLED телевизор Samsung QE75Q70TAUXCE,749990,Samsung,464214,Все телевизоры,"75″ - 190,5 см",3840x2160 (4K UHD),16:9,Прямой,QLED,Да,Есть (встроенный),Нет
LED телевизор Blaupunkt 50UT965,199990,Blaupunkt,421101,Все телевизоры,50″ - 127 см,3840x2160 (4K UHD),16:9,Прямой,Direct,Да,Есть (встроенный),Нет
QLED телевизор Samsung QE75Q95TAUXCE,1299990,Samsung,463442,Все телевизоры,"75″ - 190,5 см",3840x2160 (4K UHD),16:9,Прямой,QLED,Да,Есть (встроенный),Нет
LED телевизор Philips 32PHS6825,104990,Philips,469307,Все телевизоры,"32″ - 81,3 см",1366x768 (HD),,Прямой,Direct,Да,Есть (встроенный),Нет
LED телевизор LG 43UN81006LB,209990,LG,467871,Все телевизоры,"43″ - 109,2 см",3840x2160 (4K UHD),16:9,Прямой,LED,Да,Есть (встроенный),Нет
LED TV Toshiba 43U5865EV,174990,Toshiba,355861,Все телевизоры,"43″ - 109,2 см",3840x2160 (4K UHD),16:9,Прямой,Direct,Да,Есть (встроенный),Нет
QLED телевизор Samsung QE55Q95TAUXCE,749090,Samsung,467444,Все телевизоры,"55″ - 139,7см",3840x2160 (4K UHD),16:9,Прямой,QLED,Да,Есть (встроенный),
Nanocell TV LG 86NANO906NA,1399990,LG,462383,Все телевизоры,"86″ -  218,4 см",3840x2160 (4K UHD),16:9,Прямой,LED,Да,Есть (встроенный),Нет
LED TV Sony KD75XG9505BR2,1399990,Sony,390569,Все телевизоры,"75″ - 190,5 см",3840x2160 (4K UHD),16:9,Прямой,Direct,,Есть (встроенный),Нет
LED телевизор LG 75UN81006LB,499990,LG,467868,Все телевизоры,"75″ - 190,5 см",3840x2160 (4K UHD),16:9,Прямой,LED,Да,Есть (встроенный),Нет
LED телевизор Sony KD55XH9096BR,499990,Sony,464244,Все телевизоры,"55″ - 139,7см",3840x2160 (4K UHD),16:9,Прямой,LED,Да,Есть (встроенный),Нет
QLED телевизор Samsung QE75Q950TSUXCE,3199990,Samsung,464181,Все телевизоры,"75″ - 190,5 см",7680x4320(8K),16:9,Прямой,QLED,Да,,
LED TV Haier LE43K6700UG,164990,Haier,459964,Все телевизоры,"43″ - 109,2 см",3840x2160 (4K UHD),16:9,Прямой,LED,Да,Есть (встроенный),Нет
LED телевизор Philips 50PUS8505,249990,Philips,471757,Все телевизоры,50″ - 127 см,3840x2160 (4K UHD),16:9,Прямой,Direct,Да,Есть (встроенный),Нет
LED телевизор Horizont 55LE7713D,239990,Horizont,390622,Все телевизоры,"55″ - 139,7см",3840x2160 (4K UHD),16:9,Прямой,LED,Да,Есть (встроенный),Нет
LED телевизор KIVI 50U730GR,184890,Kivi,460186,Все телевизоры,50″ - 127 см,3840x2160 (4K UHD),16:9,Прямой,Direct,Да,Есть (встроенный),Нет
LED TV Haier LE55K6700UG,209990,Haier,459966,Все телевизоры,"55″ - 139,7см",3840x2160 (4K UHD),16:9,Прямой,LED,Да,Есть (встроенный),Нет
LED TV Toshiba 49L5865EV,199990,Toshiba,355860,Все телевизоры,"49″ - 124,5 см",1920х1080 (FullHD),16:9,Прямой,Direct,Да,Есть (встроенный),Нет
OLED телевизор LG OLED77CXRLA,2999890,LG,463448,Все телевизоры,"77″ - 195,58 см",3840x2160 (4K UHD),16:9,Прямой,OLED,Да,Есть (встроенный),Нет
LED телевизор Philips 43PFS5505,114990,Philips,474649,Все телевизоры,"43″ - 109,2 см",1920х1080 (FullHD),16:9,Прямой,LED,Нет,Нет,Нет
LED телевизор Samsung UE50TU8570UXCE,244090,Samsung,469317,Все телевизоры,50″ - 127 см,3840x2160 (4K UHD),,Прямой,Edge LED,Да,Есть (встроенный),
LED телевизор Samsung UE55TU8570UXCE,269090,Samsung,469316,Все телевизоры,"55″ - 139,7см",3840x2160 (4K UHD),,Прямой,Edge LED,Да,Есть (встроенный),
LED телевизор Philips 58PUS7505,229990,Philips,471759,Все телевизоры,"58″ - 147,3 см",3840x2160 (4K UHD),16:9,Прямой,Direct,Да,Есть (встроенный),
LED телевизор KIVI 55U730GR,219890,Kivi,460187,Все телевизоры,"55″ - 139,7см",3840x2160 (4K UHD),16:9,Прямой,Direct,Да,Есть (встроенный),Нет
LED телевизор Sony KD85XH8096BR2,1499990,Sony,460177,Все телевизоры,"85″ - 215,9 см",3840x2160 (4K UHD),16:9,Прямой,LED,Да,Есть (встроенный),Нет
LED телевизор Sony KD75XH8096BR2,849990,Sony,464245,Все телевизоры,"75″ - 190,5 см",3840x2160 (4K UHD),16:9,Прямой,LED,Да,Есть (встроенный),Нет
OLED телевизор Sony KD55A8BR2,1199990,Sony,464243,Все телевизоры,"55″ - 139,7см",3840x2160 (4K UHD),,Прямой,OLED,Да,Есть (встроенный),Нет
LED телевизор Sony KD65XH9096BR2,749990,Sony,464222,Все телевизоры,"65″ -165,1 см",3840x2160 (4K UHD),16:9,Прямой,LED,Да,Есть (встроенный),Нет
LED телевизор Sony KD85XH9505BR2,2499990,Sony,464223,Все телевизоры,"85″ - 215,9 см",3840x2160 (4K UHD),16:9,Прямой,LED,Да,Есть (встроенный),Нет
LED телевизор LG 43UN73906LE,199990,LG,467872,Все телевизоры,"43″ - 109,2 см",3840x2160 (4K UHD),16:9,Прямой,LED,Да,Есть (встроенный),Нет
LED телевизор ARG LD43А7500,129990,ARG,455640,Все телевизоры,"43″ - 109,2 см",3840x2160 (4K UHD),16:9,Прямой,LED,Да,Есть (встроенный),
LED TV Haier LE50K6700UG,199990,Haier,459965,Все телевизоры,50″ - 127 см,3840x2160 (4K UHD),16:9,Прямой,LED,Да,Есть (встроенный),Нет
Nanocell телевизор LG 65NANO916NA,699990,LG,463450,Все телевизоры,"65″ -165,1 см",3840x2160 (4K UHD),16:9,Прямой,LED,Да,Есть (встроенный),Нет
LED телевизор LG 49UN73906LE,219990,LG,467870,Все телевизоры,"49″ - 124,5 см",3840x2160 (4K UHD),16:9,Прямой,LED,Да,Есть (встроенный),Нет
LED телевизор Samsung UE65TU8570UXCE,359090,Samsung,469315,Все телевизоры,"65″ -165,1 см",3840x2160 (4K UHD),,Прямой,Edge LED,Да,Есть (встроенный),
LED TV Haier LE65S8000UG,499990,Haier,459968,Все телевизоры,"65″ -165,1 см",3840x2160 (4K UHD),16:9,Прямой,Edge LED,Да,Есть (встроенный),Нет
LED TV Haier LE65K6700UG,349990,Haier,459967,Все телевизоры,"65″ -165,1 см",3840x2160 (4K UHD),16:9,Прямой,LED,Да,Есть (встроенный),Нет
LED TV LG 55UN70006LA,219990,LG,474773,Все телевизоры,"55″ - 139,7см",3840 x 2160,16:9,Прямой,LED,Да,Есть (встроенный),Нет
LED телевизор Panasonic TX-43HSR400,145990,Panasonic,470158,Все телевизоры,"43″ - 109,2 см",1920х1080 (FullHD),16:9,Прямой,LED,Да,Есть (встроенный),Нет
LED телевизор Panasonic TX-43GXR600,178990,Panasonic,470162,Все телевизоры,"43″ - 109,2 см",3840x2160 (4K UHD),16:9,Прямой,LED,Да,Есть (встроенный),Нет
Nanocell телевизор LG 55NANO796NF,299990,LG,474774,Все телевизоры,"55″ - 139,7см",3840x2160 (4K UHD),16:9,Прямой,LED,Да,Есть (встроенный),Нет
Nanocell телевизор LG 50NANO796NF,255990,LG,474771,Все телевизоры,50″ - 127 см,3840x2160 (4K UHD),16:9,Прямой,LED,Да,Есть (встроенный),Нет
QLED 8K TV Samsung QE55Q900RBUXCE,899990,Samsung,421243,Все телевизоры,"55″ - 139,7см",7680x4320(8K),16:9,Прямой,QLED,Да,Есть (встроенный),Нет
QLED телевизор Samsung Frame QE55LS03RAUXRU,499090,Samsung,390610,Все телевизоры,"55″ - 139,7см",3840x2160 (4K UHD),16:9,Прямой,QLED,Да,Есть (встроенный),
LED телевизор Samsung UE70RU7100UXCE,349990,Samsung,421244,Все телевизоры,"70″ - 177,8 см",3840x2160 (4K UHD),16:9,Прямой,LED,Да,Есть (встроенный),Нет
QLED телевизор Samsung Serif QE49LS01RAUXRU,399990,Samsung,390606,Все телевизоры,"49″ - 124,5 см",3840x2160 (4K UHD),16:9,Прямой,QLED,Да,Есть (встроенный),
LED TV LG 60UM7100PLB,229990,LG,361398,Все телевизоры,"60″ - 152,4 см",3840x2160 (4K UHD),16:9,Прямой,LED,Да,Есть (встроенный),Нет
QLED телевизор Samsung Frame QE49LS03RAUXRU,359090,Samsung,390609,Все телевизоры,"49″ - 124,5 см",3840x2160 (4K UHD),16:9,Прямой,QLED,Да,Есть (встроенный),
OLED 8K TV LG OLED88ZX9LA,15499990,LG,460536,Все телевизоры,"88″ - 223,6 см",7680x4320(8K),16:9,Прямой,OLED,Да,Есть (встроенный),Нет
LED TV Philips 22PFS5304,59990,Philips,456846,Все телевизоры,"22″ - 55,9 см",1920х1080 (FullHD),16:9,Прямой,Direct,Нет,Нет,Нет
LED телевизор Kivi 40F600GR,99890,Kivi,420951,Все телевизоры,"40″ - 101,6 см",1920х1080 (FullHD),16:9,Прямой,Direct,Да,Есть (встроенный),Нет
QLED телевизор Samsung Frame QE43LS03TAUXCE,349090,Samsung,460261,Все телевизоры,"43″ - 109,2 см",3840x2160 (4K UHD),16:9,Прямой,QLED,Да,Есть (встроенный),Нет
LED TV LG 55UM7660PLA,229990,LG,361399,Все телевизоры,"55″ - 139,7см",3840x2160 (4K UHD),16:9,Прямой,LED,Да,Есть (встроенный),Нет
LED телевизор Kivi 32F700GR,84890,Kivi,420949,Все телевизоры,"32″ - 81,3 см",1920х1080 (FullHD),16:9,Прямой,Direct,Да,Есть (встроенный),Нет
LED телевизор Kivi 32H600GR,69890,Kivi,420948,Все телевизоры,"32″ - 81,3 см",1366x768 (HD),16:9,Прямой,Direct,Да,Есть (встроенный),Нет
QLED телевизор Samsung Serif QE43LS01RAUXRU,329990,Samsung,390605,Все телевизоры,"43″ - 109,2 см",3840x2160 (4K UHD),16:9,Прямой,QLED,Да,Есть (встроенный),
QLED телевизор Samsung Frame QE43LS03RAUXRU,329090,Samsung,390608,Все телевизоры,"43″ - 109,2 см",3840x2160 (4K UHD),16:9,Прямой,QLED,Да,Есть (встроенный),
QLED телевизор Samsung Frame QE50LS03TAUXCE,419990,Samsung,460260,Все телевизоры,50″ - 127 см,3840x2160 (4K UHD),16:9,Прямой,QLED,Да,Есть (встроенный),Нет
NanoCell TV LG 75SM9900PLA,1049990,LG,361393,Все телевизоры,"75″ - 190,5 см",7680x4320(8K),16:9,Прямой,LED,Да,Есть (встроенный),Нет
QLED телевизор Samsung Serif QE55LS01RAUXRU,449990,Samsung,390607,Все телевизоры,"55″ - 139,7см",3840x2160 (4K UHD),16:9,Прямой,QLED,Да,Есть (встроенный),
LED телевизор Kivi 24HR52GR,59890,Kivi,420956,Все телевизоры,24″ - 61 см,1366x768 (HD),16:9,Прямой,Direct,Да,Есть (встроенный),Нет
Nanocell TV LG 86SM9000PLA,999990,LG,421245,Все телевизоры,"86″ -  218,4 см",3840x2160 (4K UHD),16:9,Прямой,LED,Да,Есть (встроенный),Нет
QLED телевизор Samsung Frame QE65LS03RAUXRU,699090,Samsung,390611,Все телевизоры,"65″ -165,1 см",3840x2160 (4K UHD),16:9,Прямой,QLED,Да,Есть (встроенный),
LED TV Philips 24PHS4304,64990,Philips,456847,Все телевизоры,24″ - 61 см,1366x768 (HD),16:9,Прямой,Direct,Нет,Нет,Нет
LED телевизор Kivi 40U600GR,124890,Kivi,420952,Все телевизоры,"40″ - 101,6 см",3840x2160 (4K UHD),16:9,Прямой,Direct,Да,Есть (встроенный),Нет
OLED 8K TV LG OLED77ZX9LA,10999990,LG,460537,Все телевизоры,"77″ - 195,58 см",7680x4320(8K),16:9,Прямой,OLED,Да,Есть (встроенный),Нет
QLED TV Samsung QE75Q80RAUXCE,849990,Samsung,421241,Все телевизоры,"75″ - 190,5 см",3840x2160 (4K UHD),16:9,Прямой,QLED,Да,Есть (встроенный),Нет
LED телевизор KIVI 32H700GR,79890,Kivi,460182,Все телевизоры,"32″ - 81,3 см",1366x768 (HD),16:9,Прямой,Direct,Да,Есть (встроенный),Нет
LED телевизор Kivi 50U600GR,159890,Kivi,420953,Все телевизоры,50″ - 127 см,3840x2160 (4K UHD),16:9,Прямой,Direct,Да,Есть (встроенный),Нет
LED телевизор Kivi 32H500GR,59890,Kivi,420947,Все телевизоры,"32″ - 81,3 см",1366x768 (HD),16:9,Прямой,Direct,Нет,Нет,Нет
LED телевизор KIVI 40F730GR,117890,Kivi,460184,Все телевизоры,"40″ - 101,6 см",1920х1080 (FullHD),16:9,Прямой,Direct,Да,Есть (встроенный),Нет
LED TV Haier LE32K6600SG,99990,Haier,459962,Все телевизоры,"32″ - 81,3 см",1366x768 (HD),16:9,Прямой,LED,Да,Есть (встроенный),Нет
Nanocell телевизор LG 55NANO916NA,479990,LG,462385,Все телевизоры,"55″ - 139,7см",3840x2160 (4K UHD),16:9,Прямой,LED,Да,Есть (встроенный),Нет
LED телевизор KIVI 24H600GR,62890,Kivi,460181,Все телевизоры,24″ - 61 см,1366x768 (HD),16:9,Прямой,Direct,Да,Есть (встроенный),Нет
LED телевизор KIVI 43U700GR,149890,Kivi,460185,Все телевизоры,"43″ - 109,2 см",3840x2160 (4K UHD),16:9,Прямой,Direct,Да,Есть (встроенный),Нет
LED телевизор Samsung The Frame UE43LS03NAUXRU,349990,Samsung,85865,Все телевизоры,"43″ - 109,2 см",3840x2160 (4K UHD),16:9,Прямой,LED,Да,Есть (встроенный),Нет
LED телевизор Sony KD65XH9505BR2,999890,Sony,460174,Все телевизоры,"65″ -165,1 см",3840x2160 (4K UHD),16:9,Прямой,LED,Да,Есть (встроенный),Нет
LED TV Philips 55PUS6523/60,209990,Philips,361391,Все телевизоры,"55″ - 139,7см",3840x2160 (4K UHD),16:9,Прямой,Direct,Да,Есть (встроенный),Нет
QLED телевизор Samsung QE65Q95TAUXCE,949890,Samsung,467443,Все телевизоры,"65″ -165,1 см",3840x2160 (4K UHD),16:9,Прямой,QLED,Да,Есть (встроенный),
LED TV LG/32LM6350PLA 32LM6350PLA,129990,LG,306138,Все телевизоры,"32″ - 81,3 см",1920х1080 (FullHD),16:9,Прямой,Direct,Да,Есть (встроенный),
LED телевизор KIVI 32F700WR,84890,Kivi,460183,Все телевизоры,"32″ - 81,3 см",1920х1080 (FullHD),16:9,Прямой,Direct,Да,Есть (встроенный),Нет
LED телевизор Panasonic TX-32HSR400,100990,Panasonic,470159,Все телевизоры,"32″ - 81,3 см",1920х1080 (FullHD),16:9,Прямой,LED,Да,Есть (встроенный),Нет
LED телевизор Samsung The Frame UE55LS03NAUXRU,549990,Samsung,85863,Все телевизоры,"55″ - 139,7см",3840x2160 (4K UHD),16:9,Прямой,LED,Да,Есть (встроенный),Нет
LED телевизор Panasonic TX-43GR300,116990,Panasonic,470160,Все телевизоры,"43″ - 109,2 см",1920х1080 (FullHD),16:9,Прямой,LED,Нет,Нет,Нет
LED телевизор Panasonic TX-32GR300,78990,Panasonic,470161,Все телевизоры,"32″ - 81,3 см",1920х1080 (FullHD),16:9,Прямой,LED,Нет,Нет,Нет
LED телевизор Samsung The Frame UE65LS03NAUXRU,899990,Samsung,85862,Все телевизоры,"65″ -165,1 см",3840x2160 (4K UHD),16:9,Прямой,LED,Да,Есть (встроенный),Нет
LED телевизор Samsung The Frame UE49LS03NAUXRU,449990,Samsung,85864,Все телевизоры,"49″ - 124,5 см",3840x2160 (4K UHD),16:9,Прямой,LED,Да,Есть (встроенный),Нет
LED телевизор Kivi 32FR50WR,114990,Kivi,390916,Все телевизоры,"32″ - 81,3 см",1920х1080 (FullHD),16:9,Прямой,Direct,Да,Есть (встроенный),Нет
LED телевизор Sony KD75XH9505BR2,1599990,Sony,460176,Все телевизоры,"75″ - 190,5 см",3840x2160 (4K UHD),16:9,Прямой,LED,Да,Есть (встроенный),Нет
LED телевизор Sony KD75XH9096BR2,1199990,Sony,460175,Все телевизоры,"75″ - 190,5 см",3840x2160 (4K UHD),16:9,Прямой,LED,Да,Есть (встроенный),Нет
LED TV Philips 43PFS4012,114990,Philips,438022,Все телевизоры,"43″ - 109,2 см",1920х1080 (FullHD),16:9,Прямой,Direct,Нет,Нет,Нет
LED TV Haier LE32K6600SG,99990,Haier,459962,Все телевизоры,"32″ - 81,3 см",1366x768 (HD),16:9,Прямой,LED,Да,Есть (встроенный),Нет
Nanocell телевизор LG 55NANO916NA,479990,LG,462385,Все телевизоры,"55″ - 139,7см",3840x2160 (4K UHD),16:9,Прямой,LED,Да,Есть (встроенный),Нет
LED телевизор KIVI 24H600GR,62890,Kivi,460181,Все телевизоры,24″ - 61 см,1366x768 (HD),16:9,Прямой,Direct,Да,Есть (встроенный),Нет
LED телевизор KIVI 43U700GR,149890,Kivi,460185,Все телевизоры,"43″ - 109,2 см",3840x2160 (4K UHD),16:9,Прямой,Direct,Да,Есть (встроенный),Нет
LED телевизор Samsung The Frame UE43LS03NAUXRU,349990,Samsung,85865,Все телевизоры,"43″ - 109,2 см",3840x2160 (4K UHD),16:9,Прямой,LED,Да,Есть (встроенный),Нет
LED телевизор Sony KD65XH9505BR2,999890,Sony,460174,Все телевизоры,"65″ -165,1 см",3840x2160 (4K UHD),16:9,Прямой,LED,Да,Есть (встроенный),Нет
LED TV Philips 55PUS6523/60,209990,Philips,361391,Все телевизоры,"55″ - 139,7см",3840x2160 (4K UHD),16:9,Прямой,Direct,Да,Есть (встроенный),Нет
QLED телевизор Samsung QE65Q95TAUXCE,949890,Samsung,467443,Все телевизоры,"65″ -165,1 см",3840x2160 (4K UHD),16:9,Прямой,QLED,Да,Есть (встроенный),
LED TV LG/32LM6350PLA 32LM6350PLA,129990,LG,306138,Все телевизоры,"32″ - 81,3 см",1920х1080 (FullHD),16:9,Прямой,Direct,Да,Есть (встроенный),
LED телевизор KIVI 32F700WR,84890,Kivi,460183,Все телевизоры,"32″ - 81,3 см",1920х1080 (FullHD),16:9,Прямой,Direct,Да,Есть (встроенный),Нет
LED телевизор Panasonic TX-32HSR400,100990,Panasonic,470159,Все телевизоры,"32″ - 81,3 см",1920х1080 (FullHD),16:9,Прямой,LED,Да,Есть (встроенный),Нет
LED телевизор Samsung The Frame UE55LS03NAUXRU,549990,Samsung,85863,Все телевизоры,"55″ - 139,7см",3840x2160 (4K UHD),16:9,Прямой,LED,Да,Есть (встроенный),Нет
LED телевизор Panasonic TX-43GR300,116990,Panasonic,470160,Все телевизоры,"43″ - 109,2 см",1920х1080 (FullHD),16:9,Прямой,LED,Нет,Нет,Нет
LED телевизор Panasonic TX-32GR300,78990,Panasonic,470161,Все телевизоры,"32″ - 81,3 см",1920х1080 (FullHD),16:9,Прямой,LED,Нет,Нет,Нет
LED телевизор Samsung The Frame UE65LS03NAUXRU,899990,Samsung,85862,Все телевизоры,"65″ -165,1 см",3840x2160 (4K UHD),16:9,Прямой,LED,Да,Есть (встроенный),Нет
LED телевизор Samsung The Frame UE49LS03NAUXRU,449990,Samsung,85864,Все телевизоры,"49″ - 124,5 см",3840x2160 (4K UHD),16:9,Прямой,LED,Да,Есть (встроенный),Нет
LED телевизор Kivi 32FR50WR,114990,Kivi,390916,Все телевизоры,"32″ - 81,3 см",1920х1080 (FullHD),16:9,Прямой,Direct,Да,Есть (встроенный),Нет
LED телевизор Sony KD75XH9505BR2,1599990,Sony,460176,Все телевизоры,"75″ - 190,5 см",3840x2160 (4K UHD),16:9,Прямой,LED,Да,Есть (встроенный),Нет
LED телевизор Sony KD75XH9096BR2,1199990,Sony,460175,Все телевизоры,"75″ - 190,5 см",3840x2160 (4K UHD),16:9,Прямой,LED,Да,Есть (встроенный),Нет
LED TV Philips 43PFS4012,114990,Philips,438022,Все телевизоры,"43″ - 109,2 см",1920х1080 (FullHD),16:9,Прямой,Direct,Нет,Нет,Нет
