Смартфон Huawei P40 Lite Midnight Black,129890,Huawei,459926,Смартфоны,"6,4″ - 16,3 см",128 Гб,48 Мп + 8 Мп + 2 Мп + 2 Мп,16 Mpx
Смартфон Samsung Galaxy Note 20 Gray,479890,Samsung,467447,Смартфоны,"6,7″ - 170,2 мм",256 Гб,64 Mpx + 12 Mpx + 12 Mpx,10 Mpx
Смартфон Huawei P40 Lite E Midnight Black,89890,Huawei,459929,Смартфоны,"6,39″ - 16,2 см",64 Гб,48 Мп + 8 Мп + 2 Мп,8 Mpx
Смартфон Samsung Galaxy A51 128GB Black,129890,Samsung,433475,Смартфоны,"6,5″ - 16,51 см",128 Гб,48.0 Mpx + 12.0 Mpx  + 5.0 Mpx  + 5.0 Mpx,32 Mpx
Смартфон Samsung Galaxy A71 Black,149890,Samsung,443395,Смартфоны,"6,7″ - 170,2 мм",128 Гб,64 Mpx + 12 Mpx + 5 Mpx+ 5 Mpx,32 Mpx
Смартфон Samsung Galaxy A10 32GB Black,54890,Samsung,301999,Смартфоны,"6,2″ - 15,8 см",32 Гб,13 Mpx,5 Mpx
Смартфон Apple iPhone 11 64GB Black,368090,Apple,391070,Смартфоны,"6,1″ - 15,5 см",64 Гб,12 Mpx + 12 Mpx,12 Mpx
Смартфон Samsung Galaxy S20 Ultra Gray,539890,Samsung,440300,Смартфоны,"6,9″ - 175,26 мм",128 Гб,108 Mpx + 48 Mpx + 12 Mpx,40 Mpx
Смартфон Samsung Galaxy S10 128GB Black,239890,Samsung,113409,Смартфоны,"6,1″ - 15,5 см",128 Гб,16 Mp x 12 Mp x 12 Mp,10 Mpx
Смартфон Samsung Galaxy Note 20 Ultra Black,589890,Samsung,467450,Смартфоны,"6,9″ - 175,26 мм",256 Гб,108Mpx + 12Mpx + 12Mpx,10 Mpx
Смартфон Samsung Galaxy S20 Blue,389890,Samsung,440293,Смартфоны,"6,2″ - 15,8 см",128 Гб,64 Mpx + 12 Mpx + 12 Mpx,10 Mpx
Смартфон ОРРО A5 2020 Dazzling White,79990,OPPO,393622,Смартфоны,"6,5″ - 16,51 см",64 Гб,12 Mpx + 12 Mpx,8 Mpx
Смартфон OPPO A1k 32GB Black,54990,OPPO,303523,Смартфоны,"6,1″ - 15,5 см",32 Гб,8 Mpx,5 Mpx
Смартфон Huawei Y6 2019 32GB Midnight Black,59890,Huawei,191137,Смартфоны,"6″ - 15,2 см",32 Гб,13 Mpx,8 Mpx
Смартфон Samsung Galaxy S20+ Black,449890,Samsung,440298,Смартфоны,"6,7″ - 170,2 мм",128 Гб,64 Mpx + 12 Mpx + 12 Mpx,10 Mpx
Смартфон Huawei P Smart 2019 Midnight Black,79890,Huawei,87278,Смартфоны,"6,21″ - 15,7 см",32 Гб,13 Mpx + 2 Mpx,16 Mpx
Смартфон Apple iPhone 11 Pro 64GB Space Grey,524190,Apple,391090,Смартфоны,"5,8″ - 14,7 см",64 Гб,12 Mpx + 12 Mpx + 12 Mpx,12 Mpx
Смартфон ОPPO A5s Red,67990,OPPO,303521,Смартфоны,"6,2″ - 15,8 см",32 Гб,13 Mpx + 2 Mpx,8 Mpx
Смартфон Huawei P Smart Z 64GB Midnight Black,99890,Huawei,312503,Смартфоны,"6,59″ - 16,74 см",64 Гб,16 Mpx + 2 Mpx,16 Mpx
Смартфон Huawei Mate 30 Pro Space Silver,449890,Huawei,443245,Смартфоны,"6,53″ - 16,59 см",256 Гб,40 Mpx+ 40 Mpx + 8 Mpx,32 Mpx
Смартфон Samsung Galaxy S10+ 128GB Black,229490,Samsung,113414,Смартфоны,"6,4″ - 16,3 см",128 Гб,12 Mpx + 16 Mpx + 12 Mpx,10 Mpx + 8 Mpx
Смартфон ОРРО A9 2020 Marine Green,119990,OPPO,393623,Смартфоны,"6,5″ - 16,51 см",128 Гб,48 Mpx + 8 Mpx + 2 Mpx,16 Mpx
Смартфон Huawei Y5 2019 32GB Modern Black,54890,Huawei,303922,Смартфоны,"5,71″ - 14,5 см",32 Гб,13 Mpx,5 Mpx
Смартфон Apple iPhone 11 Pro Max 64GB Midnight Green,568990,Apple,391106,Смартфоны,"6,5″ - 16,51 см",64 Гб,12 Mpx + 12 Mpx + 12 Mpx,12 Mpx
Смартфон Huawei Y7 2019 32GB Midnight Black,69890,Huawei,191145,Смартфоны,"6,26″ - 15,9 см",32 Гб,13 Mpx + 2 Mpx,8 Mpx
Смартфон Huawei P30 Pro Breathing Crystal,349890,Huawei,293644,Смартфоны,"6,5″ - 16,51 см",256 Гб,40 Mpx+20 Mpx+8 Mpx,32 Mpx
Смартфон Huawei P30 Aurora,249890,Huawei,293643,Смартфоны,"6,1″ - 15,5 см",128 Гб,40 Mpx + 16 Mpx + 8 Mpx,32 Mpx
Смартфон Samsung Galaxy S20 Gray,389890,Samsung,440294,Смартфоны,"6,2″ - 15,8 см",128 Гб,64 Mpx + 12 Mpx + 12 Mpx,10 Mpx
Смартфон Huawei P30 Lite 128GB Midnight Black,109890,Huawei,293640,Смартфоны,"6,1″ - 15,5 см",128 Гб,24 Mpx + 8 Mpx + 2 Mpx,32 Mpx
Смартфон Samsung Galaxy S20 Red,389890,Samsung,440295,Смартфоны,"6,2″ - 15,8 см",128 Гб,64 Mpx + 12 Mpx + 12 Mpx,10 Mpx
Смартфон Samsung Galaxy S20+ Gray,449890,Samsung,440297,Смартфоны,"6,7″ - 170,2 мм",128 Гб,64 Mpx + 12 Mpx + 12 Mpx,10 Mpx
Смартфон Samsung Galaxy S20+ Blue,449890,Samsung,440296,Смартфоны,"6,7″ - 170,2 мм",128 Гб,64 Mpx + 12 Mpx + 12 Mpx,10 Mpx
Смартфон Samsung Galaxy S20+ Red,449890,Samsung,440299,Смартфоны,"6,7″ - 170,2 мм",128 Гб,64 Mpx + 12 Mpx + 12 Mpx,10 Mpx
Смартфон Samsung Galaxy S20 Ultra Black,539890,Samsung,440301,Смартфоны,"6,9″ - 175,26 мм",128 Гб,108 Mpx + 48 Mpx + 12 Mpx,40 Mpx
Смартфон Samsung Galaxy S20 Ultra White,539890,Samsung,464062,Смартфоны,"6,9″ - 175,26 мм",128 Гб,108 Mpx + 48 Mpx + 12 Mpx,40 Mpx
Смартфон Samsung Galaxy A51 64GB Black,109890,Samsung,433472,Смартфоны,"6,5″ - 16,51 см",64 Гб,48.0 Mpx + 12.0 Mpx  + 5.0 Mpx  + 5.0 Mpx,32 Mpx
Смартфон Samsung Galaxy A51 128GB Blue,129890,Samsung,433474,Смартфоны,"6,5″ - 16,51 см",128 Гб,48.0 Mpx + 12.0 Mpx  + 5.0 Mpx  + 5.0 Mpx,32 Mpx
Смартфон Samsung Galaxy A51 64GB Blue,109890,Samsung,433471,Смартфоны,"6,5″ - 16,51 см",64 Гб,48.0 Mpx + 12.0 Mpx  + 5.0 Mpx  + 5.0 Mpx,32 Mpx
Смартфон Samsung Galaxy A51 128GB White,129890,Samsung,433476,Смартфоны,"6,5″ - 16,51 см",128 Гб,48.0 Mpx + 12.0 Mpx  + 5.0 Mpx  + 5.0 Mpx,32 Mpx
Смартфон Samsung Galaxy A51 64GB White,109890,Samsung,433473,Смартфоны,"6,5″ - 16,51 см",64 Гб,48.0 Mpx + 12.0 Mpx  + 5.0 Mpx  + 5.0 Mpx,32 Mpx
Смартфон Huawei P40 Lite E Aurora Blue,89890,Huawei,459930,Смартфоны,"6,39″ - 16,2 см",64 Гб,48 Мп + 8 Мп + 2 Мп,8 Mpx
Смартфон Huawei P40 Lite Sakura Pink,129890,Huawei,459928,Смартфоны,"6,4″ - 16,3 см",128 Гб,48 Мп + 8 Мп + 2 Мп + 2 Мп,16 Mpx
Смартфон Apple iPhone 7 32GB Black ,183090,Apple,70318,Смартфоны,"4,7″ - 11,9 см",32 Гб,12 Mpx,7 Mpx
Смартфон Apple iPhone 7 32GB Gold,183090,Apple,70391,Смартфоны,"4,7″ - 11,9 см",32 Гб,12 Mpx,7 Mpx
Смартфон Apple iPhone 7 Plus 32GB Black,199890,Apple,70401,Смартфоны,"5,5″ - 14 см",32 Гб,12 Mpx,7 Mpx
Смартфон Xiaomi Redmi Note 8 4/64GB Space Black,79990,Xiaomi,398016,Смартфоны,"6,3″ - 16 см",64 Гб,48 Mpx + 8 Mpx + 2 Mpx + 2 Mpx,13 Mpx
Смартфон Apple iPhone SE 64GB 2020 Black,238190,Apple,460162,Смартфоны,"4,7″ - 11,9 см",64 Гб,12 Mpx,7 Mpx
Смартфон Apple iPhone 7 32GB Silver,183990,Apple,70319,Смартфоны,"4,7″ - 11,9 см",32 Гб,12 Mpx,7 Mpx
Смартфон Apple iPhone X 64GB Silver,299990,Apple,77439,Смартфоны,"5,8″ - 14,7 см",64 Гб,12 Mpx + 12 Mpx,7 Mpx
Смартфон Samsung Galaxy S10 Lite Black,179890,Samsung,440291,Смартфоны,"6,7″ - 170,2 мм",128 Гб,48 Mpx + 12 Mpx + 5 Mpx,32 Mpx
Смартфон Xiaomi Redmi 9A 2/32GB Sky Blue,47990,Xiaomi,464379,Смартфоны,"6,53″ - 16,59 см",32 Гб,13 Mpx,5 Mpx
Смартфон Samsung Galaxy A10 32GB Blue,54890,Samsung,301998,Смартфоны,"6,2″ - 15,8 см",32 Гб,13 Mpx,5 Mpx
Смартфон Samsung Galaxy A71 Silver,149890,Samsung,443396,Смартфоны,"6,7″ - 170,2 мм",128 Гб,64 Mpx + 12 Mpx + 5 Mpx+ 5 Mpx,32 Mpx
Смартфон Samsung Galaxy A20s 32GB Red,69890,Samsung,391066,Смартфоны,"6,5″ - 16,51 см",32 Гб,13 Mpx + 8 Mpx + 5 Mpx,8 Mpx
Смартфон Apple iPhone 11 128GB Black,397990,Apple,391078,Смартфоны,"6,1″ - 15,5 см",128 Гб,12 Mpx + 12 Mpx,12 Mpx
Смартфон Samsung Galaxy A31 White,89890,Samsung,460032,Смартфоны,"6,4″ - 16,3 см",64 Гб,48 Mpx + 8 Mpx + 5 Mpx + 5 Mpx,20 Mpx
Смартфон Vivo Y91C Ocean Blue,54990,Vivo,389867,Смартфоны,"6,2″ - 15,8 см",32 Гб,13 Mpx,5 Mpx
Смартфон Apple iPhone XR 64GB Black,329890,Apple,83284,Смартфоны,"6,1″ - 15,5 см",64 Гб,12 Mpx,7 Mpx
Смартфон Samsung Galaxy A21s White,69890,Samsung,460870,Смартфоны,"6,5″ - 16,51 см",32 Гб,48 Мп + 8 Мп + 2 Мп + 2 Мп,13 Mpx
Смартфон Xiaomi Redmi Note 9 Pro 6/128GB Interstellar Grey,129990,Xiaomi,461320,Смартфоны,"6,67"" - 16,94 см",128 Гб,64 Mpx + 8 Mpx + 5 Mpx + 2 Mpx,16 Mpx
Смартфон Apple iPhone 11 64GB Green,368090,Apple,391077,Смартфоны,"6,1″ - 15,5 см",64 Гб,12 Mpx + 12 Mpx,12 Mpx
Смартфон Apple iPhone XR 64GB (PRODUCT) RED,329890,Apple,83288,Смартфоны,"6,1″ - 15,5 см",64 Гб,12 Mpx,7 Mpx
Смартфон Samsung Galaxy A10 32GB Red,54890,Samsung,302000,Смартфоны,"6,2″ - 15,8 см",32 Гб,13 Mpx,5 Mpx
Смартфон Apple iPhone XS 64GB Gold,329890,Apple,82079,Смартфоны,"5,8″ - 14,7 см",64 Гб,12 Mpx + 12 Mpx,7 Mpx
Смартфон Samsung Galaxy A21s Black,69890,Samsung,460868,Смартфоны,"6,5″ - 16,51 см",32 Гб,48 Мп + 8 Мп + 2 Мп + 2 Мп,13 Mpx
Смартфон Samsung Galaxy A01 Blue ,44890,Samsung,436922,Смартфоны,"5,7″ - 14,48 см",16 Гб,13 Mpx + 2 Mpx,5 Mpx
Смартфон Apple iPhone XS 64GB Space Grey,329890,Apple,82077,Смартфоны,"5,8″ - 14,7 см",64 Гб,12 Mpx + 12 Mpx,7 Mpx
Смартфон Apple iPhone 11 64GB Purple,368090,Apple,391076,Смартфоны,"6,1″ - 15,5 см",64 Гб,12 Mpx + 12 Mpx,12 Mpx
Смартфон Samsung Galaxy A20s 32GB Black,59890,Samsung,391065,Смартфоны,"6,5″ - 16,51 см",32 Гб,13 Mpx + 8 Mpx + 5 Mpx,8 Mpx
Смартфон Samsung Galaxy S10 128GB White,239890,Samsung,113410,Смартфоны,"6,1″ - 15,5 см",128 Гб,12 Mpx + 16 Mpx + 12 Mpx,10 Mpx
Смартфон Samsung Galaxy Z Fold 2 Black,999890,Samsung,470333,Смартфоны,"7,6″ - 177,8 мм",256 Гб,12 Mpx + 12 Mpx + 12 Mpx,10 Mpx
Смартфон Samsung Galaxy A31 Blue ,89890,Samsung,460030,Смартфоны,"6,4″ - 16,3 см",64 Гб,48 Mpx + 8 Mpx + 5 Mpx + 5 Mpx,20 Mpx
Смартфон Apple iPhone 6s 64GB Space Grey CPO,119890,Apple,394453,Смартфоны,"4,7″ - 11,9 см",64 Гб,12 Mpx,5 Mpx
Смартфон Samsung Galaxy A11 Black,59890,Samsung,463435,Смартфоны,"6,4″ - 16,3 см",32 Гб,13 Mpx + 5 Mpx + 2 Mpx,8 Mpx
Смартфон Xiaomi Redmi Note 9S 4/64GB Interstellar Grey,99990,Xiaomi,460073,Смартфоны,"6,7″ - 170,2 мм",64 Гб,48 Mpx + 8 Mpx + 5 Mpx + 2 Mpx,16 Mpx
Смартфон Apple iPhone 11 64GB White,368090,Apple,391072,Смартфоны,"6,1″ - 15,5 см",64 Гб,12 Mpx + 12 Mpx,12 Mpx
Смартфон Samsung Galaxy A01 Black,44890,Samsung,436923,Смартфоны,"5,7″ - 14,48 см",16 Гб,13 Mpx + 2 Mpx,5 Mpx
Смартфон Apple iPhone 7 Plus 32GB Silver,199890,Apple,70402,Смартфоны,"5,5″ - 14 см",32 Гб,12 Mpx,7 Mpx
Смартфон Xiaomi Redmi Note 9S 6/128GB Interstellar Grey,109990,Xiaomi,470190,Смартфоны,"6,7″ - 170,2 мм",128 Гб,48 Mpx + 8 Mpx + 5 Mpx + 2 Mpx,16 Mpx
Смартфон Samsung Galaxy A01 Red,44890,Samsung,436924,Смартфоны,"5,7″ - 14,48 см",16 Гб,13 Mpx + 2 Mpx,5 Mpx
Смартфон Huawei P30 Lite 128GB Peacock Blue,109890,Huawei,293641,Смартфоны,"6,1″ - 15,5 см",128 Гб,24 Mpx + 8 Mpx + 2 Mpx,32 Mpx
Смартфон Xiaomi Redmi Note 9S 6/128GB Aurora Blue,109990,Xiaomi,470191,Смартфоны,"6,7″ - 170,2 мм",128 Гб,48 Mpx + 8 Mpx + 5 Mpx + 2 Mpx,16 Mpx
Смартфон Samsung Galaxy A31 Black,89890,Samsung,460031,Смартфоны,"6,4″ - 16,3 см",64 Гб,48 Mpx + 8 Mpx + 5 Mpx + 5 Mpx,20 Mpx
Смартфон Xiaomi Redmi 9 3/32GB Carbon Grey,69990,Xiaomi,463989,Смартфоны,"6,53″ - 16,59 см",32 Гб,13Mpx + 8Mpx + 5Mpx + 2Mpx,8 Mpx
Смартфон Apple iPhone 11 Pro 64GB Midnight Green,524190,Apple,391094,Смартфоны,"5,8″ - 14,7 см",64 Гб,12 Mpx + 12 Mpx + 12 Mpx,12 Mpx
Смартфон Vivo Y12 Burgundy Red,74990,Vivo,394430,Смартфоны,"6,35"" - 16,1 см",64 Гб,13 Mpx + 8 Mpx + 2 Mpx,8 Mpx
Смартфон Apple iPhone SE 128GB 2020 Black,268290,Apple,460170,Смартфоны,"4,7″ - 11,9 см",128 Гб,12 Mpx,7 Mpx
Смартфон Xiaomi Redmi Note 9S 4/64GB Aurora Blue,99990,Xiaomi,460074,Смартфоны,"6,7″ - 170,2 мм",64 Гб,48 Mpx + 8 Mpx + 5 Mpx + 2 Mpx,16 Mpx
Смартфон OPPO A5s Blue,59990,OPPO,303522,Смартфоны,"6,2″ - 15,8 см",32 Гб,13 Mpx + 2 Mpx,8 Mpx
Смартфон Samsung Galaxy A50 64GB White,74890,Samsung,293168,Смартфоны,"6,4″ - 16,3 см",64 Гб,25 Mpx + 5 Mpx + 8 Mpx,25 Mpx
Смартфон Samsung Galaxy A41 Black,99890,Samsung,460552,Смартфоны,"6,1″ - 15,5 см",64 Гб,48 Mpx + 8 Mpx + 5 Mpx,25 Mpx
Смартфон Xiaomi Redmi 9A 2/32GB Granite Gray,47990,Xiaomi,464378,Смартфоны,"6,53″ - 16,59 см",32 Гб,13 Mpx,5 Mpx
Смартфон Xiaomi Redmi Note 9 Pro 6/64GB Interstellar Grey,119990,Xiaomi,461317,Смартфоны,"6,67"" - 16,94 см",64 Гб,64 Mpx + 8 Mpx + 5 Mpx + 2 Mpx,16 Mpx
Смартфон ОPPO A5s Black,67990,OPPO,303520,Смартфоны,"6,2″ - 15,8 см",32 Гб,13 Mpx + 2 Mpx,8 Mpx
Смартфон Apple iPhone 7 Jet Black 32GB,184390,Apple,76482,Смартфоны,"4,7″ - 11,9 см",32 Гб,12 Mpx,7 Mpx
Смартфон Xiaomi Redmi Note 9 3/64GB Polar White,89990,Xiaomi,461313,Смартфоны,"6,53″ - 16,59 см",64 Гб,48 Мп + 8 Мп + 2 Мп + 2 Мп,13 Мп
Смартфон Xiaomi Redmi 9A 2/32GB Peacock Green,47990,Xiaomi,464380,Смартфоны,"6,53″ - 16,59 см",32 Гб,13 Mpx,5 Mpx
Смартфон Xiaomi Redmi Note 9 3/64GB Midnight Grey,89990,Xiaomi,461311,Смартфоны,"6,53″ - 16,59 см",64 Гб,48 Мп + 8 Мп + 2 Мп + 2 Мп,13 Мп
Смартфон Xiaomi Redmi Note 9 Pro 6/64GB Tropical Green,119990,Xiaomi,461318,Смартфоны,"6,67"" - 16,94 см",64 Гб,64 Mpx + 8 Mpx + 5 Mpx + 2 Mpx,16 Mpx
Смартфон Samsung Galaxy A21s Red,69890,Samsung,460869,Смартфоны,"6,5″ - 16,51 см",32 Гб,48 Мп + 8 Мп + 2 Мп + 2 Мп,13 Mpx
Смартфон Xiaomi Redmi 9 4/64GB Carbon Grey,74990,Xiaomi,463992,Смартфоны,"6,53″ - 16,59 см",64 Гб,13Mpx + 8Mpx + 5Mpx + 2Mpx,8 Mpx
Смартфон Samsung Galaxy Z Flip Mirror Black,359890,Samsung,459670,Смартфоны,"6,7″ - 170,2 мм",256 Гб,12 Mpx + 12 Mpx,10 Mpx
Смартфон Apple iPhone 11 128GB White,397990,Apple,391079,Смартфоны,"6,1″ - 15,5 см",128 Гб,12 Mpx + 12 Mpx,12 Mpx
Смартфон Samsung Galaxy S10 Lite White,179890,Samsung,440292,Смартфоны,"6,7″ - 170,2 мм",128 Гб,48 Mpx + 12 Mpx + 5 Mpx,32 Mpx
Смартфон Apple iPhone XR 64GB White,329890,Apple,83283,Смартфоны,"6,1″ - 15,5 см",64 Гб,12 Mpx,7 Mpx
Смартфон Xiaomi Redmi Note 9 4/128GB Forest Green,99990,Xiaomi,461315,Смартфоны,"6,53″ - 16,59 см",128 Гб,48 Мп + 8 Мп + 2 Мп + 2 Мп,13 Мп
Смартфон OPPO A1k 32GB Red,54990,OPPO,303524,Смартфоны,"6,1″ - 15,5 см",32 Гб,8 Mpx,5 Mpx
Смартфон Apple iPhone 11 Pro 64GB Gold,524190,Apple,391093,Смартфоны,"5,8″ - 14,7 см",64 Гб,12 Mpx + 12 Mpx + 12 Mpx,12 Mpx
Смартфон OPPO Reno 256GB Jet Black,119990,OPPO,303724,Смартфоны,"6,4″ - 16,3 см",256 Гб,48 Mpx + 5 Mpx,16 Mpx
Смартфон Huawei Y5 Lite 16GB Modern Black ,39890,Huawei,312529,Смартфоны,"5,45″ - 13,8 см",16 Гб,8 Mpx,5 Mpx
Смартфон Samsung Galaxy S20+ BTS Edition,419890,Samsung,467572,Смартфоны,"6,7″ - 170,2 мм",128 Гб,64 Mpx + 12 Mpx + 12 Mpx,10 Mpx
Смартфон Vivo Y12 Aqua blue,74990,Vivo,394429,Смартфоны,"6,35"" - 16,1 см",64 Гб,13 Mpx + 8 Mpx + 2 Mpx,8 Mpx
Смартфон Apple iPhone SE 64GB 2020 White,238190,Apple,460163,Смартфоны,"4,7″ - 11,9 см",64 Гб,12 Mpx,7 Mpx
Смартфон Apple iPhone 11 128GB Purple,399090,Apple,391082,Смартфоны,"6,1″ - 15,5 см",128 Гб,12 Mpx + 12 Mpx,12 Mpx
Смартфон Samsung Galaxy S10 Lite Blue,179890,Samsung,440290,Смартфоны,"6,7″ - 170,2 мм",128 Гб,48 Mpx + 12 Mpx + 5 Mpx,32 Mpx
Смартфон Apple iPhone 11 Pro 256GB Space Grey,598990,Apple,391095,Смартфоны,"5,8″ - 14,7 см",256 Гб,12 Mpx + 12 Mpx + 12 Mpx,12 Mpx
Смартфон Apple iPhone XR 128GB Black,359890,Apple,83290,Смартфоны,"6,1″ - 15,5 см",128 Гб,12 Mpx,7 Mpx
Смартфон ОРРО A9 2020 Space Purple,119990,OPPO,393624,Смартфоны,"6,5″ - 16,51 см",128 Гб,48 Mpx + 8 Mpx + 2 Mpx,16 Mpx
Смартфон Xiaomi Redmi Note 9 4/128GB Polar White,99990,Xiaomi,461316,Смартфоны,"6,53″ - 16,59 см",128 Гб,48 Мп + 8 Мп + 2 Мп + 2 Мп,13 Мп
Смартфон Xiaomi Redmi Note 9S 4/64GB Glacier White,99990,Xiaomi,460075,Смартфоны,"6,7″ - 170,2 мм",64 Гб,48 Mpx + 8 Mpx + 5 Mpx + 2 Mpx,16 Mpx
Смартфон Vivo V17 Knight Black,129990,Vivo,436883,Смартфоны,"6,38″ - 16.21 см",128 Гб,48 Mpx + 8 Mpx + 2 Mpx + 2 Mpx,32 Mpx
Смартфон Apple iPhone 6s 64GB Rose Gold CPO,119890,Apple,396818,Смартфоны,"4,7″ - 11,9 см",64 Гб,12 Mpx,5 Mpx
Смартфон Huawei P Smart 2019 Aurora Blue,79890,Huawei,87279,Смартфоны,"6,21″ - 15,7 см",32 Гб,13 Mpx + 2 Mpx,12 Mpx + 12 Mpx + 16 Mpx
Смартфон Xiaomi Redmi Note 9S 6/128GB Glacier White,109990,Xiaomi,470192,Смартфоны,"6,7″ - 170,2 мм",128 Гб,48 Mpx + 8 Mpx + 5 Mpx + 2 Mpx,16 Mpx
Смартфон Apple iPhone 11 64GB (PRODUCT) RED ,368090,Apple,391073,Смартфоны,"6,1″ - 15,5 см",64 Гб,12 Mpx + 12 Mpx,12 Mpx
Смартфон Vivo Y91C Fusion Black,54990,Vivo,389866,Смартфоны,"6,2″ - 15,8 см",32 Гб,13 Mpx,5 Mpx
Смартфон Huawei Y5P Phantom Blue,44890,Huawei,461729,Смартфоны,"5,45″ - 13,8 см",32 Гб,8 Mpx,5 Mpx
Смартфон Xiaomi Redmi 9 4/64GB Sunset Purple,74990,Xiaomi,463994,Смартфоны,"6,53″ - 16,59 см",64 Гб,13Mpx + 8Mpx + 5Mpx + 2Mpx,8 Mpx
Смартфон Samsung Galaxy S10+ 128GB White,269890,Samsung,113415,Смартфоны,"6,4″ - 16,3 см",128 Гб,12 Mpx + 16 Mpx + 12 Mpx,10 Mpx + 8 Mpx
Смартфон Huawei Y7 2019 32GB Aurora Blue,69890,Huawei,191144,Смартфоны,"6,26″ - 15,9 см",32 Гб,13 Mpx + 2 Mpx,8 Mpx
Смартфон Xiaomi Redmi 9 4/64GB Ocean Green,74990,Xiaomi,463993,Смартфоны,"6,53″ - 16,59 см",64 Гб,13Mpx + 8Mpx + 5Mpx + 2Mpx,8 Mpx
Смартфон Huawei P40 Lite Midnight Crush Green,129890,Huawei,459927,Смартфоны,"6,4″ - 16,3 см",128 Гб,48 Мп + 8 Мп + 2 Мп + 2 Мп,16 Mpx
Смартфон Bravis A505 Joy Plus Deep blue,29990,Bravis,73135,Смартфоны,"5″ - 12,7 см",8 Гб,8 Mpx,8 Mpx
Смартфон Apple iPhone 6s Plus 32GB Space Gray CPO,109890,Apple,398008,Смартфоны,"5,5″ - 14 см",32 Гб,12 Mpx,5 Mpx
Смартфон ОРРО A5 2020 Mirror Black,79990,OPPO,393621,Смартфоны,"6,5″ - 16,51 см",64 Гб,12 Mpx,8 Mpx
Смартфон Apple iPhone XS 256GB Space Grey,389890,Apple,82080,Смартфоны,"5,8″ - 14,7 см",256 Гб,12 Mpx + 12 Mpx,7 Mpx
Смартфон Samsung Galaxy A30s 32GB Green,69890,Samsung,391067,Смартфоны,"6,4″ - 16,3 см",32 Гб,25 Mpx + 5 Mpx + 8 Mpx,16 Mpx
Смартфон Xiaomi Redmi Note 9 4/128GB Midnight Grey,99990,Xiaomi,461314,Смартфоны,"6,53″ - 16,59 см",128 Гб,48 Мп + 8 Мп + 2 Мп + 2 Мп,13 Мп
Смартфон Apple iPhone 7 32GB Rose Gold,183090,Apple,70392,Смартфоны,"4,7″ - 11,9 см",32 Гб,12 Mpx,7 Mpx
Смартфон Prestigio Wize YA3 Black,15890,Prestigio,389863,Смартфоны,"4″ - 10,1 см",8 Гб,2 Mpx,2 Mpx
Смартфон Huawei Y6 2019 32GB Sapphire Blue,59890,Huawei,191142,Смартфоны,"6″ - 15,2 см",32 Гб,13 Mpx,8 Mpx
Смартфон Xiaomi Redmi Note 9 3/64GB Forest Green,89990,Xiaomi,461312,Смартфоны,"6,53″ - 16,59 см",64 Гб,48 Мп + 8 Мп + 2 Мп + 2 Мп,13 Мп
Смартфон Apple iPhone SE 64GB 2020 (PRODUCT)RED,238190,Apple,460164,Смартфоны,"4,7″ - 11,9 см",64 Гб,12 Mpx,7 Mpx
Смартфон Samsung Galaxy S20 FE 6/128GB Blue,329890,Samsung,474632,Смартфоны,"6,5″ - 16,51 см",128 Гб,12 Mpx + 12 Mpx + 8 Mpx,32 Mpx
Смартфон Huawei P30 Lite 256GB Midnight Black,149890,Huawei,436971,Смартфоны,"6,15″ - 15,62 см",256 Гб,48 Mpx + 8 Mpx + 2 Mpx,32 Mpx
Смартфон Xiaomi Mi 10 8/256GB Coral Green,359990,Xiaomi,461326,Смартфоны,"6,67"" - 16,94 см",256 Гб,108Mpx + 2Mpx + 2Mpx + 13Mpx,20 Mpx
Смартфон Vivo Y19 Magnetic Black,89990,Vivo,421118,Смартфоны,"6,53″ - 16,59 см",128 Гб,16 Mpx + 8 Mpx + 2 Mpx,16 Mpx
Смартфон Samsung Galaxy A01 Core 1/16GB Blue,34890,Samsung,467041,Смартфоны,"5,14″ - 13,05 см",16 Гб,8 Mpx,5 Mpx
Смартфон Huawei Nova 5T Midsummer purple,179890,Huawei,421539,Смартфоны,"6,26″ - 15,9 см",128 Гб,48 Mpx + 16 Mpx + 2 Mpx + 2Mpx,32 Mpx
Смартфон Apple iPhone 11 128GB Green,397990,Apple,391083,Смартфоны,"6,1″ - 15,5 см",128 Гб,12 Mpx + 12 Mpx,12 Mpx
Смартфон Xiaomi Redmi Note 9 3/64GB Onyx Black,89990,Xiaomi,470189,Смартфоны,"6,53″ - 16,59 см",64 Гб,48 Мп + 8 Мп + 2 Мп + 2 Мп,13 Мп
Смартфон Apple iPhone 11 Pro Max 64GB Gold,568990,Apple,391105,Смартфоны,"6,5″ - 16,51 см",64 Гб,12 Mpx + 12 Mpx + 12 Mpx,12 Mpx
Смартфон Xiaomi Redmi Note 9 Pro 6/64GB Glacier White,119990,Xiaomi,461319,Смартфоны,"6,67"" - 16,94 см",64 Гб,64 Mpx + 8 Mpx + 5 Mpx + 2 Mpx,16 Mpx
Смартфон Samsung Galaxy S10+ 8/128GB Ceramic Black ,269890,Samsung,460676,Смартфоны,"6,4″ - 16,3 см",128 Гб,12 Mpx + 16 Mpx + 12 Mpx,10 Mpx + 8 Mpx
Смартфон Huawei Y5 Lite 16GB Amber Brown,39890,Huawei,312530,Смартфоны,"5,45″ - 13,8 см",16 Гб,8 Mpx,5 Mpx
Смартфон Xiaomi Redmi Note 9 4/128GB Onyx Black,99990,Xiaomi,470188,Смартфоны,"6,53″ - 16,59 см",128 Гб,48 Мп + 8 Мп + 2 Мп + 2 Мп,13 Мп
Смартфон Huawei Y5 2019 32GB Saphire Blue,54890,Huawei,303921,Смартфоны,"5,71″ - 14,5 см",32 Гб,13 Mpx,5 Mpx
Смартфон Huawei P Smart Z 64GB Saphire Blue,99890,Huawei,312504,Смартфоны,"6,15″ - 15,62 см",64 Гб,16 Mpx + 2 Mpx,16 Mpx
Смартфон Apple iPhone 11 Pro 256GB Midnight Green,598990,Apple,391098,Смартфоны,"5,8″ - 14,7 см",256 Гб,12 Mpx + 12 Mpx + 12 Mpx,12 Mpx
Смартфон Xiaomi Mi Note 10 Lite 6/128GB Midnight Black,179990,Xiaomi,460523,Смартфоны,"6,47″ - 16,43 см",128 Гб,64 Mpx + 8 Mpx + 5 Mpx + 2 Mpx,16 Mpx
Смартфон Samsung Galaxy A01 Core 1/16GB Black,34890,Samsung,467042,Смартфоны,"5,14″ - 13,05 см",16 Гб,8 Mpx,5 Mpx
Смартфон Huawei Y9S Breathing Crystal,129890,Huawei,436970,Смартфоны,"6,59″ - 16,74 см",128 Гб,48 Mpx + 8 Mpx + 2 Mpx,16 Mpx
Смартфон Samsung Galaxy A41 White,99890,Samsung,460553,Смартфоны,"6,1″ - 15,5 см",64 Гб,48 Mpx + 8 Mpx + 5 Mpx,25 Mpx
Смартфон Apple iPhone 11 256GB Black,459790,Apple,391084,Смартфоны,"6,1″ - 15,5 см",256 Гб,12 Mpx + 12 Mpx,12 Mpx
Смартфон Nokia 1 Dark Blue,25990,Nokia,79197,Смартфоны,"4,5″ - 11,4 см",8 Гб,5 Mpx,2 Mpx
Смартфон Huawei P30 Pro Aurora,349890,Huawei,293645,Смартфоны,"6,5″ - 16,51 см",256 Гб,40 Mpx+20 Mpx+8 Mpx,32 Mpx
Смартфон Huawei Y6P Emerald Green,69890,Huawei,461727,Смартфоны,"6,3″ - 16 см",64 Гб,13 Mpx + 5 Mpx + 2 Mpx,8 Мп
Смартфон Xiaomi Redmi 9 3/32GB Ocean Green,69990,Xiaomi,463990,Смартфоны,"6,53″ - 16,59 см",32 Гб,13Mpx + 8Mpx + 5Mpx + 2Mpx,8 Mpx
Смартфон Xiaomi Redmi 9C 3/64GB Midnight Gray,54990,Xiaomi,470185,Смартфоны,"6,53″ - 16,59 см",64 Гб,13 Mpx + 2 Mpx,5 Mpx
Смартфон Samsung Galaxy A11 White,59890,Samsung,463437,Смартфоны,"6,4″ - 16,3 см",32 Гб,13 Mpx + 5 Mpx + 2 Mpx,8 Mpx
Смартфон Honor 9X Middle Night Black,80990,Honor,421113,Смартфоны,"6,59″ - 16,74 см",128 Гб,48 Mpx + 2 Mpx,16 Mpx
Смартфон Apple iPhone 11 Pro Max 256GB Space Grey,619090,Apple,391108,Смартфоны,"6,5″ - 16,51 см",256 Гб,12 Mpx + 12 Mpx + 12 Mpx,12 Mpx
Смартфон Huawei P40 Pro Silver,499890,Huawei,460112,Смартфоны,"6,59″ - 16,74 см",256 Гб,50Mpx + 40Mpx + 12Mpx + 3D датчик глубины,32 Mpx + датчик глубины
Смартфон Huawei P Smart Z 64GB Emerald Green,99890,Huawei,312505,Смартфоны,"6,15″ - 15,62 см",64 Гб,16 Mpx + 2 Mpx,16 Mpx
Смартфон Xiaomi Mi Note 10 Lite 6/128GB Glacier White,179990,Xiaomi,460525,Смартфоны,"6,47″ - 16,43 см",128 Гб,64 Mpx + 8 Mpx + 5 Mpx + 2 Mpx,16 Mpx
Смартфон Apple iPhone 11 64GB Yellow,368890,Apple,391075,Смартфоны,"6,1″ - 15,5 см",64 Гб,12 Mpx + 12 Mpx,12 Mpx
Смартфон Apple iPhone SE 128GB 2020 White,268290,Apple,460165,Смартфоны,"4,7″ - 11,9 см",128 Гб,12 Mpx,7 Mpx
Смартфон Samsung Galaxy A11 Red,59890,Samsung,463436,Смартфоны,"6,4″ - 16,3 см",32 Гб,13 Mpx + 5 Mpx + 2 Mpx,8 Mpx
Смартфон Apple iPhone 11 Pro 256GB Gold,598990,Apple,391097,Смартфоны,"5,8″ - 14,7 см",256 Гб,12 Mpx + 12 Mpx + 12 Mpx,12 Mpx
Смартфон Apple iPhone 11 128GB (PRODUCT) RED,397990,Apple,391080,Смартфоны,"6,1″ - 15,5 см",128 Гб,12 Mpx + 12 Mpx,12 Mpx
Смартфон ОPPO A91 8/128GB Lightening Black,139990,OPPO,460336,Смартфоны,"6,5″ - 16,51 см",128 Гб,48 Mpx + 8 Mpx + 2 Mpx + 2 Mpx,16 Mpx
Смартфон Xiaomi Mi Note 10 Lite 6/64GB Midnight Black,169990,Xiaomi,460520,Смартфоны,"6,47″ - 16,43 см",64 Гб,64 Mpx + 8 Mpx + 5 Mpx + 2 Mpx,16 Mpx
Смартфон Apple iPhone 6s 64GB Silver CPO,119890,Apple,396817,Смартфоны,"4,7″ - 11,9 см",64 Гб,12 Mpx,5 Mpx
Смартфон Xiaomi Redmi 9C 3/64GB Twilight Blue,54990,Xiaomi,470186,Смартфоны,"6,53″ - 16,59 см",64 Гб,13 Mpx + 2 Mpx,5 Mpx
Смартфон Vivo V17 Neo Skyline Blue,80390,Vivo,389873,Смартфоны,"6,39″ - 16,2 см",128 Гб,16 Mpx + 8 Mpx + 2 Mpx,32 Mpx
Смартфон Apple iPhone 6s Plus 128GB Rose Gold CPO,159890,Apple,398009,Смартфоны,"5,5″ - 14 см",128 Гб,12 Mpx,5 Mpx
Смартфон ОРРО A72 Aurora Purple,119990,OPPO,461618,Смартфоны,"6,5″ - 16,51 см",128 Гб,48 Мп + 8 Мп + 2 Мп + 2 Мп,16 Mpx
Смартфон Huawei P30 Lite 256GB Peacock Blue,149890,Huawei,436972,Смартфоны,"6,5″ - 16,51 см",256 Гб,48 Mpx + 8 Mpx + 2 Mpx,32 Mpx
Смартфон Apple iPhone XR 128GB (PRODUCT) RED,359890,Apple,83294,Смартфоны,"6,1″ - 15,5 см",128 Гб,12 Mpx,7 Mpx
Смартфон Huawei Y5 2019 32GB Amber Brown,54890,Huawei,303920,Смартфоны,"5,71″ - 14,5 см",32 Гб,13 Mpx,5 Mpx
Смартфон Apple iPhone XR 128GB White,359890,Apple,83289,Смартфоны,"6,1″ - 15,5 см",128 Гб,12 Mpx,7 Mpx
Смартфон ОРРО A9 2020 Vanilla Mint,119990,OPPO,436885,Смартфоны,"6,5″ - 16,51 см",128 Гб,48 Mpx + 8 Mpx + 2 Mpx + 2 Mpx,16 Mpx
Смартфон Huawei Y6 2019 32GB Amber Brown,59890,Huawei,191143,Смартфоны,"6″ - 15,2 см",32 Гб,13 Mpx,8 Mpx
Смартфон Samsung Galaxy A01 Core 1/16GB Red,34890,Samsung,467043,Смартфоны,"5,14″ - 13,05 см",16 Гб,8 Mpx,5 Mpx
Смартфон Huawei Y6S 64GB Starry Black,69890,Huawei,436967,Смартфоны,"6,09'' - 15,4 см",64 Гб,13 Mpx,8 Mpx
Смартфон Samsung Galaxy A41 Blue,99890,Samsung,460551,Смартфоны,"6,1″ - 15,5 см",64 Гб,48 Mpx + 8 Mpx + 5 Mpx,25 Mpx
Смартфон Apple iPhone 11 Pro Max 64GB Space Grey,568890,Apple,391103,Смартфоны,"6,5″ - 16,51 см",64 Гб,12 Mpx + 12 Mpx + 12 Mpx,12 Mpx
Смартфон Vivo V17 Nebula Blue,129990,Vivo,436884,Смартфоны,"6,38″ - 16.21 см",128 Гб,48 Mpx + 8 Mpx + 2 Mpx + 2 Mpx,32 Mpx
Смартфон Vivo Y19 Spring White,89990,Vivo,421117,Смартфоны,"6,53″ - 16,59 см",128 Гб,16 Mpx + 8 Mpx + 2 Mpx,16 Mpx
Смартфон Samsung Galaxy Note 20 Ultra Brown,589890,Samsung,467451,Смартфоны,"6,9″ - 175,26 мм",256 Гб,108Mpx + 12Mpx + 12Mpx,10 Mpx
Смартфон Honor 8X Blue,74990,Honor,303832,Смартфоны,"6,5″ - 16,51 см",64 Гб,20 Mpx,16 Mpx
Смартфон Apple iPhone SE 128GB 2020 (PRODUCT)RED,268290,Apple,460166,Смартфоны,"4,7″ - 11,9 см",128 Гб,12 Mpx,7 Mpx
Смартфон Samsung Galaxy A51 64GB Silver,109890,Samsung,469278,Смартфоны,"6,5″ - 16,51 см",64 Гб,48.0 Mpx + 12.0 Mpx  + 5.0 Mpx  + 5.0 Mpx,32 Mpx
Смартфон Huawei Y5P Mint Green,44890,Huawei,461730,Смартфоны,"5,45″ - 13,8 см",32 Гб,8 Mpx,5 Mpx
Смартфон Huawei P40 Pro Black,499890,Huawei,460113,Смартфоны,"6,59″ - 16,74 см",256 Гб,50Mpx + 40Mpx + 12Mpx + 3D датчик глубины,32 Mpx + датчик глубины
Смартфон Huawei P30 Breathing Crystal,249890,Huawei,293642,Смартфоны,"6,1″ - 15,5 см",128 Гб,40 Mpx + 16 Mpx + 8 Mpx,32 Mpx
Смартфон Samsung Galaxy Note 20 Ultra 512GB Black,689890,Samsung,467453,Смартфоны,"6,9″ - 175,26 мм",512 Гб,108Mpx + 12Mpx + 12Mpx,10 Mpx
Смартфон Prestigio Muze K3 Gold,25990,Prestigio,389865,Смартфоны,"5,3″ - 13,5 см",8 Гб,5 Mpx,2 Mpx
Смартфон Xiaomi Redmi 9 3/32GB Sunset Purple,69990,Xiaomi,463991,Смартфоны,"6,53″ - 16,59 см",32 Гб,13Mpx + 8Mpx + 5Mpx + 2Mpx,8 Mpx
Смартфон Huawei Nova 5T Crush blue,179890,Huawei,421538,Смартфоны,"6,26″ - 15,9 см",128 Гб,48 Mpx + 16 Mpx + 2 Mpx + 2Mpx,32 Mpx
Смартфон Xiaomi Poco F2 Pro 6/128GB Cyber Grey,249990,Xiaomi,461327,Смартфоны,"6,67"" - 16,94 см",128 Гб,64Mpx + 13Mpx + 5Mpx + 2Mpx,20 Mpx
Смартфон Samsung Galaxy Z Flip Mirror Gold,359890,Samsung,459672,Смартфоны,"6,7″ - 170,2 мм",256 Гб,12 Mpx + 12 Mpx,10 Mpx
Смартфон ОРРО A52 Stream White,99990,OPPO,461620,Смартфоны,"6,5″ - 16,51 см",64 Гб,12Mpx + 8Mpx + 2Mpx + 2Mpx,8 Mpx
Смартфон Samsung Galaxy S10+ 128GB Red,269890,Samsung,306195,Смартфоны,"6,4″ - 16,3 см",128 Гб,12 Mpx + 16 Mpx + 12 Mpx,10 Mpx + 8 Mpx
Смартфон Samsung Galaxy S10+ 8/128GB Ceramic White ,269890,Samsung,460677,Смартфоны,"6,4″ - 16,3 см",128 Гб,12 Mpx + 16 Mpx + 12 Mpx,10 Mpx + 8 Mpx
Смартфон Huawei Y5P Midnight Black,44890,Huawei,461728,Смартфоны,"5,45″ - 13,8 см",32 Гб,8 Mpx,5 Mpx
Смартфон Apple iPhone 11 Pro 256GB Silver,598990,Apple,391096,Смартфоны,"5,8″ - 14,7 см",256 Гб,12 Mpx + 12 Mpx + 12 Mpx,12 Mpx
Смартфон Huawei P40 Black,349890,Huawei,460111,Смартфоны,"6,1″ - 15,5 см",128 Гб,50 Mpx + 16 Mpx + 8 Mpx,32 Mpx
Смартфон Huawei Y9 Prime 2019 Midnight Black,119890,Huawei,427256,Смартфоны,"6,59″ - 16,74 см",128 Гб,16 Mpx + 8 Mpx + 2 Mpx,16 Mpx
Смартфон Huawei Y6S 64GB Orchid Blue,69890,Huawei,436968,Смартфоны,"6,09'' - 15,4 см",64 Гб,13 Mpx,8 Mpx
Смартфон Xiaomi Poco F2 Pro 6/128GB Phantom White,249990,Xiaomi,461330,Смартфоны,"6,67"" - 16,94 см",128 Гб,64Mpx + 13Mpx + 5Mpx + 2Mpx,20 Mpx
Смартфон ОРРО A91 8/128GB Blazing Blue,139990,OPPO,460337,Смартфоны,"6,5″ - 16,51 см",128 Гб,48 Mpx + 8 Mpx + 2 Mpx + 2 Mpx,16 Mpx
Смартфон ОРРО A31 4/64G Mystery Black,79990,OPPO,459902,Смартфоны,"6,5″ - 16,51 см",64 Гб,12 Mpx+2+2 Мpx,8 Mpx
Смартфон ОРРО Find X2 256GB Black,429990,OPPO,460343,Смартфоны,"6,7″ - 170,2 мм",256 Гб,48 Mpx,32 Mpx
Смартфон Huawei Y6P Midnight Black,69890,Huawei,461726,Смартфоны,"6,3″ - 16 см",64 Гб,13 Mpx + 5 Mpx + 2 Mpx,8 Мп
Смартфон ОРРО A72 Twilight Black,119990,OPPO,461616,Смартфоны,"6,5″ - 16,51 см",128 Гб,48 Мп + 8 Мп + 2 Мп + 2 Мп,16 Mpx
Смартфон Samsung Galaxy A51 128GB Silver,129890,Samsung,469279,Смартфоны,"6,5″ - 16,51 см",128 Гб,48.0 Mpx + 12.0 Mpx  + 5.0 Mpx  + 5.0 Mpx,32 Mpx
Смартфон Xiaomi Mi Note 10 Lite 6/128GB Nebula Purple,179990,Xiaomi,460524,Смартфоны,"6,47″ - 16,43 см",128 Гб,64 Mpx + 8 Mpx + 5 Mpx + 2 Mpx,16 Mpx
Смартфон Apple iPhone XS Max 64GB Silver,369890,Apple,82087,Смартфоны,"6,5″ - 16,51 см",64 Гб,12 Mpx + 12 Mpx,7 Mpx
Смартфон HTC Wildfire E Gold,41990,HTC,392880,Смартфоны,"5,45″ - 13,8 см",32 Гб,13 Mpx,5 Mpx
Смартфон Apple iPhone 11 256GB White,459190,Apple,391085,Смартфоны,"6,1″ - 15,5 см",256 Гб,12 Mpx + 12 Mpx,12 Mpx
Смартфон ОРРО A52 Twilight Black,99990,OPPO,461619,Смартфоны,"6,5″ - 16,51 см",64 Гб,12Mpx + 8Mpx + 2Mpx + 2Mpx,8 Mpx
Смартфон Оppo Reno Z Jet Black,99990,OPPO,312946,Смартфоны,"6,4″ - 16,3 см",,48 Mpx + 5 Mpx,32 Mpx
Смартфон ZTE BLADE V10 Vita 2/32GB Black,49990,ZTE,443026,Смартфоны,"6,26″ - 15,9 см",32 Гб,13 Mpx + 2 Mpx,8 Mpx
Смартфон Huawei Y9S Midnight Black,129890,Huawei,436969,Смартфоны,"6,59″ - 16,74 см",128 Гб,48 Mpx + 8 Mpx + 2 Mpx,16 Mpx
Смартфон ОРРО AX7 4/64GB Glaze Blue,64990,OPPO,306393,Смартфоны,"6,21″ - 15,7 см",64 Гб,13 Mpx + 2 Mpx,16 Mpx
Смартфон ОРРО Reno3 128GB Midnight Black,159990,OPPO,460339,Смартфоны,"6,4″ - 16,3 см",128 Гб,48 Mpx + 8 Mpx+ 13 Mpx + 2 Mpx,44 Mpx
Смартфон Prestigio Muze K3 Black,22790,Prestigio,389864,Смартфоны,"5,3″ - 13,5 см",8 Гб,5 Mpx,2 Mpx
Смартфон Huawei Y8P Breathing Crystal,109890,Huawei,461725,Смартфоны,"6,3″ - 16 см",128 Гб,48 Мп + 8 Мп + 2 Мп,16 Mpx
Смартфон Apple iPhone 11 Pro 512GB Space Grey,699090,Apple,391099,Смартфоны,"5,8″ - 14,7 см",512 Гб,12 Mpx + 12 Mpx + 12 Mpx,12 Mpx
Смартфон ОРРО A31 4/64G BLake Green,79990,OPPO,459903,Смартфоны,"6,5″ - 16,51 см",64 Гб,12 Mpx+2+2 Мpx,8 Mpx
Смартфон Huawei Y9 Prime 2019 Emerald Green,119890,Huawei,427257,Смартфоны,"6,59″ - 16,74 см",128 Гб,16 Mpx + 8 Mpx + 2 Mpx,16 Mpx
Смартфон ОРРО A12 3/32GB Black,64990,OPPO,463987,Смартфоны,6.22″ - 15.79 см,32 Гб,13 Mpx + 2 Mpx,5 Mpx
Смартфон Nokia 6.2 32GB Черный,79990,Nokia,421116,Смартфоны,"6,3″ - 16 см",32 Гб,16 Mpx + 8 Mpx + 5 Mpx,8
Смартфон Apple iPhone 11 256GB Green,459790,Apple,391089,Смартфоны,"6,1″ - 15,5 см",256 Гб,12 Mpx + 12 Mpx,12 Mpx
Смартфон Xiaomi Poco X3 6+128GB Cobalt Blue,129990,Xiaomi,474696,Смартфоны,"6,67"" - 16,94 см",128 Гб,64Mpx + 13 Mpx + 2Mpx + 2Mpx,20 Mpx
Смартфон Samsung Galaxy Note 20 Green,479890,Samsung,467448,Смартфоны,"6,7″ - 170,2 мм",256 Гб,64 Mpx + 12 Mpx + 12 Mpx,10 Mpx
Смартфон Xiaomi Mi 10 8/256GB Twilight Grey,359990,Xiaomi,461325,Смартфоны,"6,67"" - 16,94 см",256 Гб,108Mpx + 2Mpx + 2Mpx + 13Mpx,20 Mpx
Смартфон Samsung Galaxy Note 20 Ultra White,589890,Samsung,467452,Смартфоны,"6,9″ - 175,26 мм",256 Гб,108Mpx + 12Mpx + 12Mpx,10 Mpx
Смартфон ОРРО A72 Shining White,119990,OPPO,461617,Смартфоны,"6,5″ - 16,51 см",128 Гб,48 Мп + 8 Мп + 2 Мп + 2 Мп,16 Mpx
Смартфон Xiaomi Poco F2 Pro 8/256GB Cyber Grey,279990,Xiaomi,461331,Смартфоны,"6,67"" - 16,94 см",256 Гб,64Mpx + 13Mpx + 5Mpx + 2Mpx,20 Mpx
Смартфон Nokia 7.2  4/64GB Eacua Green TA-1196 DS,109990,Nokia,463980,Смартфоны,"6,3″ - 16 см",64 Гб,48 Mpx + 8 Mpx + 5 Mpx,20 Mpx
Смартфон Samsung Galaxy Note 20 Brown,479890,Samsung,467449,Смартфоны,"6,7″ - 170,2 мм",256 Гб,64 Mpx + 12 Mpx + 12 Mpx,10 Mpx
Смартфон ОРРО Reno3 128GB Sky White,159990,OPPO,460340,Смартфоны,"6,4″ - 16,3 см",128 Гб,48 Mpx + 8 Mpx+ 13 Mpx + 2 Mpx,44 Mpx
Смартфон Apple iPhone 11 Pro 512GB Midnight Green,699090,Apple,391102,Смартфоны,"5,8″ - 14,7 см",512 Гб,12 Mpx + 12 Mpx + 12 Mpx,12 Mpx
Смартфон OPPO RX17 Pro Radiant Mist,119990,OPPO,84708,Смартфоны,"6,4″ - 16,3 см",128 Гб,12 Mpx + 20 Mpx + TOF,25 Mpx
Смартфон Nokia 5.1 16GB Blue,54990,Nokia,81034,Смартфоны,"5,5″ - 14 см",16 Гб,16 Mpx,8 Mpx
Смартфон ОРРО A31 4/64GB Fantasy White,79990,OPPO,459904,Смартфоны,"6,5″ - 16,51 см",64 Гб,12 Mpx+2+2 Мpx,8 Mpx
Смартфон Xiaomi Redmi 9C 3/64GB Sunrise Orange,54990,Xiaomi,470187,Смартфоны,"6,53″ - 16,59 см",64 Гб,13 Mpx + 2 Mpx,5 Mpx
Смартфон Apple iPhone 11 Pro 512GB Gold,699090,Apple,391101,Смартфоны,"5,8″ - 14,7 см",512 Гб,12 Mpx + 12 Mpx + 12 Mpx,12 Mpx
Смартфон Huawei Y8P Midnight Black,109890,Huawei,461724,Смартфоны,"6,3″ - 16 см",128 Гб,48 Мп + 8 Мп + 2 Мп,16 Mpx
Смартфон Vivo X50 Pro Alpha Grey,299990,Vivo,467575,Смартфоны,"6,56″ - 16,6 см",256 Гб,48 Mpx + 13 Mpx + 8 Mpx + 8 Mpx,32 Mpx
Смартфон ОРРО Reno3 128GB Auroral Blue,159990,OPPO,460338,Смартфоны,"6,4″ - 16,3 см",128 Гб,48 Mpx + 8 Mpx+ 13 Mpx + 2 Mpx,44 Mpx
Смартфон Doogee BL5500 Lite Blue,49990,Doogee,373516,Смартфоны,"6,15″ - 15,62 см",16 Гб,13 Mpx,5 Mpx
Смартфон ОРРО A12 3/32GB Blue,64990,OPPO,463988,Смартфоны,6.22″ - 15.79 см,32 Гб,13 Mpx + 2 Mpx,5 Mpx
Смартфон Vivo Y30 4/64GB Dazzle Blue,89990,Vivo,467045,Смартфоны,"6,47″ - 16,43 см",64 Гб,12Mpx + 8Mpx + 2Mpx + 2Mpx,8 Mpx
Смартфон ОРРО Reno3 Pro 256GB Starry Blue,279990,OPPO,460342,Смартфоны,"6,5″ - 16,51 см",256 Гб,48 Mpx + 8 Mpx+ 13 Mpx + 2 Mpx,8 Mpx
Смартфон Xiaomi Poco X3 6+128GB Shadow Gray,129990,Xiaomi,474695,Смартфоны,"6,67"" - 16,94 см",128 Гб,64Mpx + 13 Mpx + 2Mpx + 2Mpx,20 Mpx
Смартфон Apple iPhone 11 256GB Yellow,459790,Apple,391087,Смартфоны,"6,1″ - 15,5 см",256 Гб,12 Mpx + 12 Mpx,12 Mpx
Смартфон Nokia 2.3 TA-1206 DS 2/32 EAC UA Cyan Green,54990,Nokia,463983,Смартфоны,"6,2″ - 15,8 см",32 Гб,13 Mpx + 2 Mpx,5 Mpx
Смартфон Xiaomi Poco F2 Pro 8/256GB Electric Purple,279990,Xiaomi,461333,Смартфоны,"6,67"" - 16,94 см",256 Гб,64Mpx + 13Mpx + 5Mpx + 2Mpx,20 Mpx
Смартфон Samsung Galaxy S20 FE 6/128GB Violet,329890,Samsung,474631,Смартфоны,"6,5″ - 16,51 см",128 Гб,12 Mpx + 12 Mpx + 8 Mpx,32 Mpx
Смартфон Xiaomi Poco F2 Pro 8/256GB Neon Blue,279990,Xiaomi,461332,Смартфоны,"6,67"" - 16,94 см",256 Гб,64Mpx + 13Mpx + 5Mpx + 2Mpx,20 Mpx
Смартфон Xiaomi Mi Note 10 Lite 6/64GB Glacier White,169990,Xiaomi,460522,Смартфоны,"6,47″ - 16,43 см",64 Гб,64 Mpx + 8 Mpx + 5 Mpx + 2 Mpx,16 Mpx
Смартфон INOI 6i Lite Black,32990,INOI,394452,Смартфоны,"5,5″ - 14 см",8 Гб,8 Mpx,5 Mpx
Смартфон Xiaomi Poco F2 Pro 6/128GB Electric Purple,249990,Xiaomi,461329,Смартфоны,"6,67"" - 16,94 см",128 Гб,64Mpx + 13Mpx + 5Mpx + 2Mpx,20 Mpx
Смартфон Vivo Y30 4/64GB Emerald Black,89990,Vivo,467044,Смартфоны,"6,47″ - 16,43 см",64 Гб,12Mpx + 8Mpx + 2Mpx + 2Mpx,8 Mpx
Смартфон HTC Wildfire E1 Black,49990,HTC,436912,Смартфоны,"6,08″ - 15,44 см",32 Гб,16 Mpx,5 Mpx
Смартфон Nokia 1.3 1/16GB Charcoal (TA-1205 DS) cis ua,41990,Nokia,463985,Смартфоны,"5,71″ - 14,5 см",16 Гб,8 Mpx,5 Mpx
Смартфон Apple iPhone 12 128GB Black,524990,Apple,474910,Смартфоны,"6,1″ - 15,5 см",128 Гб,12 Mpx + 12 Mpx,12 Mpx
Смартфон Xiaomi Mi Note 10 Lite 6/64GB Nebula Purple,169990,Xiaomi,460521,Смартфоны,"6,47″ - 16,43 см",64 Гб,64 Mpx + 8 Mpx + 5 Mpx + 2 Mpx,16 Mpx
Смартфон Haier I8 Blue,49990,Haier,140402,Смартфоны,,32 Гб,13 Mpx,8 Mpx
Смартфон Samsung Galaxy S20 FE 6/128GB Green,329890,Samsung,474633,Смартфоны,"6,5″ - 16,51 см",128 Гб,12 Mpx + 12 Mpx + 8 Mpx,32 Mpx
Смартфон Apple iPhone 11 Pro 512GB Silver,699890,Apple,391100,Смартфоны,"5,8″ - 14,7 см",512 Гб,12 Mpx + 12 Mpx + 12 Mpx,12 Mpx
Смартфон Nokia 1.3 1/16GB Cyan TA-1205 DS cis ua,41990,Nokia,463986,Смартфоны,"5,71″ - 14,5 см",16 Гб,8 Mpx,5 Mpx
Смартфон Vivo X50 Glaze Black,199990,Vivo,467573,Смартфоны,"6,56″ - 16,6 см",128 Гб,48 Mpx + 13 Mpx + 8 Mpx + 5 Mpx,32 Mpx
Смартфон INOI 5i Lite Black,24990,INOI,394446,Смартфоны,"5,55″ - 14,1 см",8 Гб,8 Mpx + 0.3 Mpx,5 Mpx
Смартфон Nokia 2.3 TA-1206 DS 2/32 EAC UA Charcoal,54990,Nokia,463982,Смартфоны,"6,2″ - 15,8 см",32 Гб,13 Mpx + 2 Mpx,5 Mpx
Смартфон INOI 5i Lite Blue,24990,INOI,394447,Смартфоны,"5,5″ - 14 см",8 Гб,8 Mpx,5 Mpx
Смартфон Nokia 2.3 TA-1206 DS 2/32 EAC UA Sand,54990,Nokia,463984,Смартфоны,"6,2″ - 15,8 см",32 Гб,13 Mpx + 2 Mpx,5 Mpx
Смартфон Samsung Galaxy S20 FE 6/128GB Red,329890,Samsung,474634,Смартфоны,"6,5″ - 16,51 см",128 Гб,12 Mpx + 12 Mpx + 8 Mpx,32 Mpx
Смартфон Nokia 5.3 4/64GB Charcoal,89990,Nokia,469292,Смартфоны,"6,5″ - 16,51 см",4 Гб,13 Mpx + 8 Mpx + 5 Mpx,8 Mpx
Смартфон Apple iPhone 12 64GB Blue,494990,Apple,474908,Смартфоны,"6,1″ - 15,5 см",64 Гб,12 Mpx + 12 Mpx,12 Mpx
Смартфон ОРРО A12 4/64GB Blue,74990,OPPO,469281,Смартфоны,"6,21″ - 15,7 см",64 Гб,13 Mpx,5 Mpx
Смартфон Nokia 5.3 Blue,89990,Nokia,469293,Смартфоны,"6,5″ - 16,51 см",4 Гб,13 Mpx + 8 Mpx + 5 Mpx,8 Mpx
Смартфон Apple iPhone 12 Pro 256GB Graphite,679990,Apple,474939,Смартфоны,"6,1″ - 15,5 см",256 Гб,12 Mpx,12 Mpx
Смартфон Vivo X50 Frost Blue,199990,Vivo,467574,Смартфоны,,128 Гб,48 Mpx + 13 Mpx + 8 Mpx + 5 Mpx,32 Mpx
Смартфон ОРРО A91 Modern Red,139990,OPPO,471765,Смартфоны,"6,5″ - 16,51 см",128 Гб,48 Mpx + 8 Mpx + 2 Mpx + 2 Mpx,16 Mpx
Смартфон INOI 5i Red,28990,INOI,394445,Смартфоны,"5,5″ - 14 см",8 Гб,8 Mpx,5 Mpx
Смартфон Apple iPhone 12 64GB Black,494990,Apple,474905,Смартфоны,"6,1″ - 15,5 см",64 Гб,12 Mpx + 12 Mpx,12 Mpx
Смартфон HTC Wildfire E1 Plus Blue,54990,HTC,436911,Смартфоны,"6,08″ - 15,44 см",32 Гб,16 Mpx,5 Mpx
Смартфон Apple iPhone 12 64GB White,494990,Apple,474906,Смартфоны,"6,1″ - 15,5 см",64 Гб,12 Mpx + 12 Mpx,12 Mpx
Смартфон Apple iPhone 12 128GB Blue,524990,Apple,474913,Смартфоны,"6,1″ - 15,5 см",128 Гб,12 Mpx + 12 Mpx,12 Mpx
Смартфон Apple iPhone 12 Pro 128GB Graphite,619990,Apple,474935,Смартфоны,"6,1″ - 15,5 см",128 Гб,12 Mpx + 12 Mpx + 12 Mpx,12 Mpx
Смартфон Apple iPhone 12 Pro 512GB Pacific Blue,804990,Apple,474946,Смартфоны,,512 Гб,,
Смартфон Apple iPhone 12 Pro 512GB Gold,804990,Apple,474945,Смартфоны,,512 Гб,,
Смартфон Apple iPhone 12 Pro 128GB Gold,619990,Apple,474937,Смартфоны,"6,1″ - 15,5 см",128 Гб,12 Mpx + 12 Mpx + 12 Mpx,12 Mpx
Смартфон Apple iPhone 12 Pro 512GB Silver,804990,Apple,474944,Смартфоны,,512 Гб,,
Смартфон Apple iPhone 12 64GB Green,494990,Apple,474909,Смартфоны,"6,1″ - 15,5 см",64 Гб,12 Mpx + 12 Mpx,12 Mpx
Смартфон Apple iPhone 12 256GB Black ,584990,Apple,474915,Смартфоны,"6,1″ - 15,5 см",256 Гб,12 Mpx + 12 Mpx,12 Mpx
Смартфон Apple iPhone 12 128GB Green,524990,Apple,474914,Смартфоны,"6,1″ - 15,5 см",128 Гб,12 Mpx + 12 Mpx,12 Mpx
Смартфон Apple iPhone 12 Pro 512GB Graphite,804990,Apple,474943,Смартфоны,,512 Гб,,
Смартфон Apple iPhone 12 128GB (PRODUCT)RED,524990,Apple,474912,Смартфоны,"6,1″ - 15,5 см",128 Гб,12 Mpx + 12 Mpx,12 Mpx
Смартфон Apple iPhone 12 Pro 256GB Silver,679990,Apple,474940,Смартфоны,"6,1″ - 15,5 см",256 Гб,12 Mpx,12 Mpx
Смартфон Apple iPhone 12 64GB (PRODUCT)RED,494990,Apple,474907,Смартфоны,"6,1″ - 15,5 см",64 Гб,12 Mpx + 12 Mpx,12 Mpx
Смартфон Apple iPhone 12 256GB Blue,584990,Apple,474918,Смартфоны,"6,1″ - 15,5 см",256 Гб,12 Mpx + 12 Mpx,12 Mpx
Смартфон Apple iPhone 12 256GB White,584990,Apple,474916,Смартфоны,"6,1″ - 15,5 см",256 Гб,12 Mpx + 12 Mpx,12 Mpx
Смартфон Apple iPhone 12 256GB Green,584990,Apple,474919,Смартфоны,"6,1″ - 15,5 см",256 Гб,12 Mpx + 12 Mpx,12 Mpx
Смартфон Apple iPhone 12 256GB (PRODUCT)RED,584990,Apple,474917,Смартфоны,"6,1″ - 15,5 см",256 Гб,12 Mpx + 12 Mpx,12 Mpx
Смартфон Apple iPhone 12 Pro 128GB Pacific Blue,619990,Apple,474938,Смартфоны,"6,1″ - 15,5 см",128 Гб,12 Mpx + 12 Mpx + 12 Mpx,12 Mpx
Смартфон Apple iPhone 12 Pro 128GB Silver,619990,Apple,474936,Смартфоны,"6,1″ - 15,5 см",128 Гб,12 Mpx + 12 Mpx + 12 Mpx,12 Mpx
Смартфон Samsung Galaxy A10s 32GB Black ,54890,Samsung,373969,Смартфоны,"6,2″ - 15,8 см",32 Гб,13 Mpx + 2 Mpx,8 Mpx
Смартфон Samsung Galaxy Note 20 Ultra 512GB Brown,689890,Samsung,467454,Смартфоны,"6,9″ - 175,26 мм",512 Гб,108Mpx + 12Mpx + 12Mpx,10 Mpx
Смартфон Xiaomi Redmi Note 8 4/64GB Neptune blue,71790,Xiaomi,398017,Смартфоны,"6,3″ - 16 см",64 Гб,48 Mpx + 8 Mpx + 2 Mpx + 2 Mpx,13 Mpx
Смартфон Xiaomi Redmi 8A 2/32GB Ocean Blue,49990,Xiaomi,398020,Смартфоны,"6,21″ - 15,7 см",32 Гб,12 Mpx,8 Mpx
Смартфон Xiaomi Redmi Note 8 4/128GB Neptune blue,89990,Xiaomi,459901,Смартфоны,"6,3″ - 16 см",128 Гб,48 Mpx + 8 Mpx + 2 Mpx + 2 Mpx,13 Mpx
Смартфон Xiaomi Redmi Note 8 4/128GB Space Black,89790,Xiaomi,459900,Смартфоны,"6,3″ - 16 см",128 Гб,48 Mpx + 8 Mpx + 2 Mpx + 2 Mpx,13 Mpx
Смартфон Samsung Galaxy A10s 32GB Red ,54890,Samsung,373970,Смартфоны,"6,2″ - 15,8 см",32 Гб,13 Mpx + 2 Mpx,8 Mpx
Смартфон Xiaomi Redmi Note 9 Pro 6/128GB Tropical Green,129990,Xiaomi,461321,Смартфоны,"6,67"" - 16,94 см",128 Гб,64 Mpx + 8 Mpx + 5 Mpx + 2 Mpx,16 Mpx
Смартфон Xiaomi Redmi Note 9 Pro 6/128GB Glacier White,129990,Xiaomi,461322,Смартфоны,"6,67"" - 16,94 см",128 Гб,64 Mpx + 8 Mpx + 5 Mpx + 2 Mpx,16 Mpx
Смартфон Samsung Galaxy A10s 32GB Blue ,54890,Samsung,373968,Смартфоны,"6,2″ - 15,8 см",32 Гб,13 Mpx + 2 Mpx,8 Mpx
Смартфон Xiaomi Redmi Note 8 4/64GB Moonlight White,69990,Xiaomi,398018,Смартфоны,"6,3″ - 16 см",64 Гб,48 Мп + 8 Мп + 2 Мп + 2 Мп,13 Мп
Смартфон Samsung Galaxy Z Flip Mirror Purple,359890,Samsung,459671,Смартфоны,"6,7″ - 170,2 мм",256 Гб,12 Mpx + 12 Mpx,10 Mpx
Смартфон Xiaomi Redmi 8 4/64GB Sapphire Blue,59990,Xiaomi,414586,Смартфоны,"6,21″ - 15,7 см",64 Гб,12 Мп + 2 Мп,8 Мп
Смартфон Vivo NEX 3 Glowing Night,219990,Vivo,414497,Смартфоны,"6,9″ - 175,26 мм",128 Гб,64 Mpx + 13 Mpx + 13 Mpx,16 Mpx
Смартфон Xiaomi Mi 9T 128GB Carbon Black,119990,Xiaomi,443023,Смартфоны,"6,39″ - 16,2 см",128 Гб,48 Мп + 8 Мп + 13 Мп,20 Mpx
Смартфон Xiaomi Redmi Note 8 Pro 6/128GB Mineral Grey,89990,Xiaomi,427259,Смартфоны,"6,53″ - 16,59 см",128 Гб,64 Mpx + 8 Mpx + 2 Mpx + 2 Mpx,20 Mpx
Смартфон Xiaomi Mi Note 10 128GB Midnight Black,214990,Xiaomi,427265,Смартфоны,"6,4″ - 16,3 см",128 Гб,108 Mpx + 12 Mpx + 20 Mpx + 5 Mpx + 2 Mpx,32 Mpx
Смартфон Samsung Galaxy S20 Ultra 16/512GB Gray,479890,Samsung,460518,Смартфоны,"6,9″ - 175,26 мм",512 Гб,108 Mpx + 48 Mpx + 12 Mpx,40 Mpx
Смартфон Honor 9X Phantom Blue,80990,Honor,421114,Смартфоны,"6,59″ - 16,74 см",128 Гб,48 Mpx + 2 Mpx,16 Mpx
Смартфон Samsung Galaxy S20 Ultra 16/512GB Black,479890,Samsung,460519,Смартфоны,"6,9″ - 175,26 мм",512 Гб,108 Mpx + 48 Mpx + 12 Mpx,40 Mpx
Смартфон Sony Xperia 5 128GB Black,219890,Sony,414493,Смартфоны,"6,1″ - 15,5 см",128 Гб,12 Mpx + 12 Mpx + 12 Mpx,8 Mpx
Смартфон Xiaomi Mi Note 10 Pro 8/256GB Midnight Black,248890,Xiaomi,440038,Смартфоны,"6,5″ - 16,51 см",256 Гб,108 Mpx + 12 Mpx + 20 Mpx + 5 Mpx + 2 Mpx,32 Mpx
Смартфон ZTE Blade A7 2/32GB Black,39990,ZTE,443025,Смартфоны,"6,3″ - 16 см",32 Гб,16 Mpx + 8 Mpx + 2 Mpx,8 Mpx
Смартфон Xiaomi Redmi Note 8 3/32GB Space Black,64990,Xiaomi,414484,Смартфоны,"6,3″ - 16 см",32 Гб,48 Мп + 8 Мп + 2 Мп + 2 Мп,13 Мп
Смартфон Xiaomi Redmi Note 8T 4/128GB Starscape Blue,84990,Xiaomi,440041,Смартфоны,"6,3″ - 16 см",128 Гб,48 Мп + 8 Мп + 2 Мп + 2 Мп,13 Mpx + 2 Mpx
Смартфон Samsung Galaxy Fold Cosmos Black,549890,Samsung,426999,Смартфоны,"7,3″ - 18,542 см",512 Гб,12 Mpx + 12 Mpx + 16 Mpx,10 Mpx + 8 Mpx
Смартфон Xiaomi Mi Note 10 6/128 Aurora Green,224990,Xiaomi,440036,Смартфоны,"6,5″ - 16,51 см",128 Гб,108 Mpx + 12 Mpx + 20 Mpx + 5 Mpx + 2 Mpx,32 Mpx
Смартфон Xiaomi Mi 9T128GB Glacier Blue,139890,Xiaomi,443022,Смартфоны,"6,39″ - 16,2 см",128 Гб,48 Мп + 8 Мп + 13 Мп,20 Mpx
Смартфон Apple iPhone SE 256GB 2020 Black,349490,Apple,460167,Смартфоны,"4,7″ - 11,9 см",256 Гб,12 Mpx,7 Mpx
Смартфон Xiaomi Redmi Note 8 Pro 6/64GB Forest Green,99890,Xiaomi,427263,Смартфоны,"6,53″ - 16,59 см",64 Гб,64 Mpx + 8 Mpx + 2 Mpx + 2 Mpx,20 Mpx
Смартфон Xiaomi Mi Note 10 6/128 Glacier White,224990,Xiaomi,440037,Смартфоны,"6,5″ - 16,51 см",128 Гб,108 Mpx + 12 Mpx + 20 Mpx + 5 Mpx + 2 Mpx,32 Mpx
Смартфон ZTE Blade L8 1/16GB Black,16990,ZTE,443024,Смартфоны,"4,95″ - 12,6 см",16 Гб,8 Мп,5 Mpx
Смартфон Xiaomi Redmi Note 8 Pro 6/128GB Ocean Blue,89990,Xiaomi,427261,Смартфоны,"6,53″ - 16,59 см",128 Гб,64 Mpx + 8 Mpx + 2 Mpx + 2 Mpx,20 Mpx
Смартфон Xiaomi Redmi Note 8 3/32GB Moonlight White,64990,Xiaomi,414486,Смартфоны,"6,3″ - 16 см",32 Гб,48 Мп + 8 Мп + 2 Мп + 2 Мп,13 Мп
Смартфон Xiaomi Redmi Note 8 Pro 6/128GB Forest Green,109690,Xiaomi,427260,Смартфоны,"6,53″ - 16,59 см",128 Гб,64 Mpx + 8 Mpx + 2 Mpx + 2 Mpx,20 Mpx
Смартфон ОРРО Reno3 Pro 256GB Moonlight Black,279990,OPPO,460341,Смартфоны,"6,5″ - 16,51 см",256 Гб,48 Mpx + 8 Mpx+ 13 Mpx + 2 Mpx,8 Mpx
Смартфон Xiaomi Redmi Note 8 Pro 6/64GB Mineral Grey,99890,Xiaomi,427264,Смартфоны,"6,53″ - 16,59 см",64 Гб,64 Mpx + 8 Mpx + 2 Mpx + 2 Mpx,20 Mpx
Смартфон Samsung Galaxy Fold Space Silver,549890,Samsung,433470,Смартфоны,"7,3″ - 18,542 см",512 Гб,12 Mpx + 12 Mpx + 16 Mpx,10 Mpx + 8 Mpx
Смартфон Xiaomi Mi Note 10 Pro 8/256GB Aurora Green,248890,Xiaomi,440039,Смартфоны,"6,5″ - 16,51 см",256 Гб,108 Mpx + 12 Mpx + 20 Mpx + 5 Mpx + 2 Mpx,32 Mpx
Смартфон Xiaomi Redmi Note 8 Pro 6/64GB Blue,99890,Xiaomi,427262,Смартфоны,"6,53″ - 16,59 см",64 Гб,64 Mpx + 8 Mpx + 2 Mpx + 2 Mpx,20 Mpx
Смартфон Xiaomi Mi 9 Lite 6/64GB Onyx Grey,99990,Xiaomi,398014,Смартфоны,"6,39″ - 16,2 см",64 Гб,48 Mpx + 8 Mpx + 2 Mpx,32 Mpx
Смартфон Nokia 7.2 6/128GB Eacua Green TA-1196 DS,119990,Nokia,463981,Смартфоны,"6,3″ - 16 см",128 Гб,48 Mpx + 8 Mpx + 5 Mpx,20 Mpx
Смартфон Sony Xperia 5 128GB Navy,239990,Sony,414494,Смартфоны,"6,1″ - 15,5 см",128 Гб,12 Mpx + 12 Mpx + 12 Mpx,8 Mpx
Смартфон Xiaomi Redmi Note 8 Pro 6/128GB Pearl White,89990,Xiaomi,427258,Смартфоны,"6,53″ - 16,59 см",128 Гб,64 Mpx + 8 Mpx + 2 Mpx + 2 Mpx,20 Mpx
Смартфон Doogee Y7 Aurora Blue,47990,Doogee,373523,Смартфоны,"5,84″ - 14,8 см",32 Гб,13 Mpx,8 Mpx
Смартфон HTC Wildfire E1 Gold,49990,HTC,436913,Смартфоны,"6,08″ - 15,44 см",32 Гб,16 Mpx,5 Mpx
Смартфон Xiaomi Mi 9 Lite 6/128GB White,99990,Xiaomi,414491,Смартфоны,"6,39″ - 16,2 см",128 Гб,48 Мп + 8 Мп + 2 Мп,32 Mpx
Смартфон Xiaomi Redmi Note 8 Pro 6/64GB Pearl White,99890,Xiaomi,427266,Смартфоны,"6,53″ - 16,59 см",64 Гб,64 Mpx + 8 Mpx + 2 Mpx + 2 Mpx,20 Mpx
Смартфон Apple iPhone SE 256GB 2020 (PRODUCT)RED,344390,Apple,460169,Смартфоны,"4,7″ - 11,9 см",256 Гб,12 Mpx,7 Mpx
Смартфон Xiaomi Redmi Note 8T 4/128GB Moonshadow Grey,84990,Xiaomi,440040,Смартфоны,"6,3″ - 16 см",128 Гб,48 Мп + 8 Мп + 2 Мп + 2 Мп,13 Mpx + 2 Mpx
Смартфон Apple iPhone SE 256GB 2020 White,329890,Apple,460168,Смартфоны,"4,7″ - 11,9 см",256 Гб,12 Mpx,7 Mpx
Смартфон Xiaomi Poco F2 Pro 8/256GB Phantom White,299990,Xiaomi,461334,Смартфоны,"6,67"" - 16,94 см",256 Гб,64Mpx + 13Mpx + 5Mpx + 2Mpx,20 Mpx
Смартфон HTC Wildfire E1 Plus Black,54990,HTC,436910,Смартфоны,"6,08″ - 15,44 см",32 Гб,16 Mpx,5 Mpx
Смартфон Xiaomi Poco F2 Pro 6/128GB Neon Blue,269990,Xiaomi,461328,Смартфоны,"6,67"" - 16,94 см",128 Гб,64Mpx + 13Mpx + 5Mpx + 2Mpx,20 Mpx
Смартфон Xiaomi Redmi 8 4/64GB Ruby Red,59990,Xiaomi,414587,Смартфоны,"6,23″ - 15,8 см",64 Гб,12 Мп + 2 Мп,8 Мп
Смартфон Honor 9Lite Gray 51092CSJ,69890,Honor,303834,Смартфоны,"5,55″ - 14,1 см",32 Гб,13 Mpx,13 Mpx + 2 Mpx
Смартфон Apple iPhone 12 mini 128GB Green,0,Apple,474929,Смартфоны,"5,4″ - 13,7 см",128 Гб,12 Mpx,12 Mpx
Смартфон Apple iPhone 12 Pro 256GB Pacific Blue,679990,Apple,474942,Смартфоны,"6,1″ - 15,5 см",256 Гб,12 Mpx,12 Mpx
Смартфон Apple iPhone 12 128GB White,524990,Apple,474911,Смартфоны,"6,1″ - 15,5 см",128 Гб,12 Mpx + 12 Mpx,12 Mpx
Смартфон Xiaomi Poco X3 6+64GB Cobalt Blue,119990,Xiaomi,474694,Смартфоны,"6,67"" - 16,94 см",64 Гб,64Mpx + 13 Mpx + 2Mpx + 2Mpx,20 Mpx
Смартфон Xiaomi Poco X3 6+64GB Shadow Gray,119990,Xiaomi,474693,Смартфоны,"6,67"" - 16,94 см",64 Гб,64Mpx + 13 Mpx + 2Mpx + 2Mpx,20 Mpx
Смартфон Apple iPhone 12 Pro Max 512GB Silver,0,Apple,474956,Смартфоны,"6,7″ - 170,2 мм",512 Гб,12 Mpx + 12 Mpx + 12 Mpx,12 Mpx
Смартфон Apple iPhone 12 Pro 256GB Gold,679990,Apple,474941,Смартфоны,"6,1″ - 15,5 см",256 Гб,12 Mpx,12 Mpx
Смартфон Haier Alpha A7 Black,36990,Haier,140395,Смартфоны,"5,7″ - 14,48 см",16 Гб,13 Mpx + 2 Mpx,8 Mpx
Смартфон Apple iPhone 12 mini 128GB Black,0,Apple,474925,Смартфоны,"5,4″ - 13,7 см",128 Гб,12 Mpx + 12 Mpx,12 Mpx + 12 Mpx
Смартфон Apple iPhone 12 mini 64GB Black,0,Apple,474920,Смартфоны,"5,4″ - 13,7 см",64 Гб,12 Mpx,12 Mpx
Смартфон Apple iPhone 12 Pro Max 512GB Pacific Blue,0,Apple,474958,Смартфоны,"6,7″ - 170,2 мм",512 Гб,12 Mpx + 12 Mpx + 12 Mpx,12 Mpx
Смартфон Apple iPhone 12 mini 256GB Black,0,Apple,474930,Смартфоны,"5,4″ - 13,7 см",256 Гб,12 Mpx + 12 Mpx,12 Mpx
Смартфон ОРРО A12 4/64GB Black,79990,OPPO,469280,Смартфоны,"6,21″ - 15,7 см",64 Гб,13 Mpx,5 Mpx
Смартфон Apple iPhone 12 Pro Max 128GB Graphite,0,Apple,474947,Смартфоны,"6,7″ - 170,2 мм",128 Гб,12 Mpx + 12 Mpx + 12 Mpx,12 Mpx
Смартфон Apple iPhone 12 Pro Max 512GB Gold,0,Apple,474957,Смартфоны,"6,7″ - 170,2 мм",512 Гб,12 Mpx + 12 Mpx + 12 Mpx,12 Mpx
Смартфон Apple iPhone 12 Pro Max 128GB Pacific Blue,0,Apple,474950,Смартфоны,"6,7″ - 170,2 мм",128 Гб,12 Mpx + 12 Mpx + 12 Mpx,12 Mpx
Смартфон Apple iPhone 12 mini 128GB Blue,0,Apple,474928,Смартфоны,"5,4″ - 13,7 см",128 Гб,12 Mpx,12 Mpx
Смартфон Apple iPhone 12 Pro Max 256GB Silver,0,Apple,474952,Смартфоны,"6,7″ - 170,2 мм",256 Гб,12 Mpx + 12 Mpx + 12 Mpx,12 Mpx
Смартфон Apple iPhone 12 Pro Max 256GB Gold,0,Apple,474953,Смартфоны,"6,7″ - 170,2 мм",256 Гб,12 Mpx + 12 Mpx + 12 Mpx,12 Mpx
Смартфон Apple iPhone 12 Pro Max 512GB Graphite,0,Apple,474955,Смартфоны,"6,7″ - 170,2 мм",512 Гб,12 Mpx + 12 Mpx + 12 Mpx,12 Mpx
Смартфон Apple iPhone 12 mini 64GB Green,0,Apple,474924,Смартфоны,"5,4″ - 13,7 см",64 Гб,12 Mpx + 12 Mpx,12 Mpx
Смартфон Apple iPhone 12 mini 64GB Blue,0,Apple,474923,Смартфоны,"5,4″ - 13,7 см",64 Гб,12 Mpx + 12 Mpx,12 Mpx
Смартфон Apple iPhone 12 mini 128GB White,0,Apple,474926,Смартфоны,"5,4″ - 13,7 см",128 Гб,12 Mpx,12 Mpx
Смартфон Apple iPhone 12 mini 256GB Blue,0,Apple,474933,Смартфоны,"5,4″ - 13,7 см",256 Гб,12 Mpx + 12 Mpx,12 Mpx
Смартфон Apple iPhone 12 Pro Max 256GB Pacific Blue,0,Apple,474954,Смартфоны,"6,7″ - 170,2 мм",256 Гб,12 Mpx + 12 Mpx + 12 Mpx,12 Mpx
Смартфон Apple iPhone 12 Pro Max 128GB Gold,0,Apple,474949,Смартфоны,"6,7″ - 170,2 мм",128 Гб,12 Mpx + 12 Mpx + 12 Mpx,12 Mpx
Смартфон Apple iPhone 12 Pro Max 256GB Graphite,0,Apple,474951,Смартфоны,"6,7″ - 170,2 мм",256 Гб,12 Mpx + 12 Mpx + 12 Mpx,12 Mpx
Смартфон Apple iPhone 12 mini 64GB White,0,Apple,474921,Смартфоны,"5,4″ - 13,7 см",64 Гб,12 Mpx + 12 Mpx,12 Mpx
Смартфон Apple iPhone 12 mini 64GB (PRODUCT)RED,0,Apple,474922,Смартфоны,"5,4″ - 13,7 см",64 Гб,12 Mpx + 12 Mpx,12 Mpx
Смартфон Apple iPhone 12 mini 256GB Green,0,Apple,474934,Смартфоны,"5,4″ - 13,7 см",256 Гб,12 Mpx + 12 Mpx,12 Mpx
Смартфон Apple iPhone 12 mini 128GB (PRODUCT)RED,0,Apple,474927,Смартфоны,"5,4″ - 13,7 см",128 Гб,12 Mpx + 12 Mpx,12 Mpx
Смартфон Apple iPhone 12 mini 256GB (PRODUCT)RED,0,Apple,474932,Смартфоны,"5,4″ - 13,7 см",256 Гб,12 Mpx + 12 Mpx,12 Mpx
Смартфон Apple iPhone 12 mini 256GB White,0,Apple,474931,Смартфоны,"5,4″ - 13,7 см",256 Гб,12 Mpx + 12 Mpx,12 Mpx + 12 Mpx
Смартфон Apple iPhone 12 Pro Max 256GB Graphite,0,Apple,474951,Смартфоны,"6,7″ - 170,2 мм",256 Гб,12 Mpx + 12 Mpx + 12 Mpx,12 Mpx
Смартфон Apple iPhone 12 mini 64GB White,0,Apple,474921,Смартфоны,"5,4″ - 13,7 см",64 Гб,12 Mpx + 12 Mpx,12 Mpx
Смартфон Apple iPhone 12 mini 64GB (PRODUCT)RED,0,Apple,474922,Смартфоны,"5,4″ - 13,7 см",64 Гб,12 Mpx + 12 Mpx,12 Mpx
Смартфон Apple iPhone 12 mini 256GB Green,0,Apple,474934,Смартфоны,"5,4″ - 13,7 см",256 Гб,12 Mpx + 12 Mpx,12 Mpx
Смартфон Apple iPhone 12 mini 128GB (PRODUCT)RED,0,Apple,474927,Смартфоны,"5,4″ - 13,7 см",128 Гб,12 Mpx + 12 Mpx,12 Mpx
Смартфон Apple iPhone 12 mini 256GB (PRODUCT)RED,0,Apple,474932,Смартфоны,"5,4″ - 13,7 см",256 Гб,12 Mpx + 12 Mpx,12 Mpx
Смартфон Apple iPhone 12 mini 256GB White,0,Apple,474931,Смартфоны,"5,4″ - 13,7 см",256 Гб,12 Mpx + 12 Mpx,12 Mpx + 12 Mpx
Смартфон Apple iPhone 12 Pro Max 256GB Graphite,0,Apple,474951,Смартфоны,"6,7″ - 170,2 мм",256 Гб,12 Mpx + 12 Mpx + 12 Mpx,12 Mpx
Смартфон Apple iPhone 12 mini 64GB White,0,Apple,474921,Смартфоны,"5,4″ - 13,7 см",64 Гб,12 Mpx + 12 Mpx,12 Mpx
Смартфон Apple iPhone 12 mini 64GB (PRODUCT)RED,0,Apple,474922,Смартфоны,"5,4″ - 13,7 см",64 Гб,12 Mpx + 12 Mpx,12 Mpx
Смартфон Apple iPhone 12 mini 256GB Green,0,Apple,474934,Смартфоны,"5,4″ - 13,7 см",256 Гб,12 Mpx + 12 Mpx,12 Mpx
Смартфон Apple iPhone 12 mini 128GB (PRODUCT)RED,0,Apple,474927,Смартфоны,"5,4″ - 13,7 см",128 Гб,12 Mpx + 12 Mpx,12 Mpx
Смартфон Apple iPhone 12 mini 256GB (PRODUCT)RED,0,Apple,474932,Смартфоны,"5,4″ - 13,7 см",256 Гб,12 Mpx + 12 Mpx,12 Mpx
Смартфон Apple iPhone 12 mini 256GB White,0,Apple,474931,Смартфоны,"5,4″ - 13,7 см",256 Гб,12 Mpx + 12 Mpx,12 Mpx + 12 Mpx
Смартфон Apple iPhone 12 Pro Max 256GB Graphite,0,Apple,474951,Смартфоны,"6,7″ - 170,2 мм",256 Гб,12 Mpx + 12 Mpx + 12 Mpx,12 Mpx
Смартфон Apple iPhone 12 mini 64GB White,0,Apple,474921,Смартфоны,"5,4″ - 13,7 см",64 Гб,12 Mpx + 12 Mpx,12 Mpx
Смартфон Apple iPhone 12 mini 64GB (PRODUCT)RED,0,Apple,474922,Смартфоны,"5,4″ - 13,7 см",64 Гб,12 Mpx + 12 Mpx,12 Mpx
Смартфон Apple iPhone 12 mini 256GB Green,0,Apple,474934,Смартфоны,"5,4″ - 13,7 см",256 Гб,12 Mpx + 12 Mpx,12 Mpx
Смартфон Apple iPhone 12 mini 128GB (PRODUCT)RED,0,Apple,474927,Смартфоны,"5,4″ - 13,7 см",128 Гб,12 Mpx + 12 Mpx,12 Mpx
Смартфон Apple iPhone 12 mini 256GB (PRODUCT)RED,0,Apple,474932,Смартфоны,"5,4″ - 13,7 см",256 Гб,12 Mpx + 12 Mpx,12 Mpx
Смартфон Apple iPhone 12 mini 256GB White,0,Apple,474931,Смартфоны,"5,4″ - 13,7 см",256 Гб,12 Mpx + 12 Mpx,12 Mpx + 12 Mpx
Смартфон Apple iPhone 12 Pro Max 256GB Graphite,0,Apple,474951,Смартфоны,"6,7″ - 170,2 мм",256 Гб,12 Mpx + 12 Mpx + 12 Mpx,12 Mpx
Смартфон Apple iPhone 12 mini 64GB White,0,Apple,474921,Смартфоны,"5,4″ - 13,7 см",64 Гб,12 Mpx + 12 Mpx,12 Mpx
Смартфон Apple iPhone 12 mini 64GB (PRODUCT)RED,0,Apple,474922,Смартфоны,"5,4″ - 13,7 см",64 Гб,12 Mpx + 12 Mpx,12 Mpx
Смартфон Apple iPhone 12 mini 256GB Green,0,Apple,474934,Смартфоны,"5,4″ - 13,7 см",256 Гб,12 Mpx + 12 Mpx,12 Mpx
Смартфон Apple iPhone 12 mini 128GB (PRODUCT)RED,0,Apple,474927,Смартфоны,"5,4″ - 13,7 см",128 Гб,12 Mpx + 12 Mpx,12 Mpx
Смартфон Apple iPhone 12 mini 256GB (PRODUCT)RED,0,Apple,474932,Смартфоны,"5,4″ - 13,7 см",256 Гб,12 Mpx + 12 Mpx,12 Mpx
Смартфон Apple iPhone 12 mini 256GB White,0,Apple,474931,Смартфоны,"5,4″ - 13,7 см",256 Гб,12 Mpx + 12 Mpx,12 Mpx + 12 Mpx
Смартфон Apple iPhone 12 Pro Max 256GB Graphite,0,Apple,474951,Смартфоны,"6,7″ - 170,2 мм",256 Гб,12 Mpx + 12 Mpx + 12 Mpx,12 Mpx
Смартфон Apple iPhone 12 mini 64GB White,0,Apple,474921,Смартфоны,"5,4″ - 13,7 см",64 Гб,12 Mpx + 12 Mpx,12 Mpx
Смартфон Apple iPhone 12 mini 64GB (PRODUCT)RED,0,Apple,474922,Смартфоны,"5,4″ - 13,7 см",64 Гб,12 Mpx + 12 Mpx,12 Mpx
Смартфон Apple iPhone 12 mini 256GB Green,0,Apple,474934,Смартфоны,"5,4″ - 13,7 см",256 Гб,12 Mpx + 12 Mpx,12 Mpx
Смартфон Apple iPhone 12 mini 128GB (PRODUCT)RED,0,Apple,474927,Смартфоны,"5,4″ - 13,7 см",128 Гб,12 Mpx + 12 Mpx,12 Mpx
Смартфон Apple iPhone 12 mini 256GB (PRODUCT)RED,0,Apple,474932,Смартфоны,"5,4″ - 13,7 см",256 Гб,12 Mpx + 12 Mpx,12 Mpx
Смартфон Apple iPhone 12 mini 256GB White,0,Apple,474931,Смартфоны,"5,4″ - 13,7 см",256 Гб,12 Mpx + 12 Mpx,12 Mpx + 12 Mpx
